"V1","V2","V3","V4","V5","V6","V7","V8","V9","V10","V11","V12","V13","V14","V15","V16","V17","V18","V19","V20","V21","V22","V23","V24","V25","V26","V27","V28","Amount","Class"
-0.320156,1.509777,-1.345421,-0.419852,0.913018,-0.743332,0.648321,0.134979,-0.046436,-0.79755,-1.439267,-0.10608,0.804056,-0.771466,0.71807,0.337476,0.233414,0.892453,0.122231,-0.052777,0.281553,0.880967,-0.26368,-1.114501,-0.179427,-0.096505,-0.006128,0.11873,-0.997607825700311,0
-0.367588,0.852956,0.158222,0.070823,-0.234907,-0.859599,0.568217,0.319239,-0.365938,-0.557021,-1.442837,-1.201959,-1.972043,1.010922,0.745732,0.304633,-0.207328,0.152597,0.14765,-0.208832,0.058315,-0.141432,0.053413,-0.153534,-0.18951,0.297752,-0.155173,-0.040689,-0.94948866162739,0
0.710216,-0.356758,0.472444,1.608109,-0.555593,-0.45399,0.42138,-0.168853,-0.038821,-0.219666,0.281292,1.224849,0.957141,0.031442,0.261875,-0.639413,0.226579,-1.176593,-0.763912,0.313184,0.034081,-0.189349,-0.124708,0.632369,0.401281,-0.479725,0.007151,0.065972,-0.799555357936861,0
-1.919673,2.139709,-2.219134,0.212075,0.40008,5.307919,-1.992063,-3.578978,-1.042428,-1.448221,-1.064916,0.691237,-0.502726,1.453951,-0.236995,0.242617,0.269487,0.307033,0.704687,1.052269,-2.622357,0.599418,0.416328,0.98127,0.015641,-0.342727,0.049144,-0.045668,-0.798150289017341,0
-1.595703,1.655247,0.936287,-0.084796,-0.485958,-1.334654,0.73929,-0.318693,0.521617,1.075048,-0.162475,-0.602968,-1.345354,0.140185,0.835877,-0.212515,-0.156689,-0.251303,-0.304873,0.117483,0.132716,0.312712,0.024688,0.9041,-0.377537,0.205232,-0.286024,0.388039,-0.990964873277012,0
1.246495,0.229147,0.269267,0.712061,-0.51304,-1.108222,-0.011233,-0.117969,0.263965,-0.239754,-0.327188,-0.579705,-1.305605,0.018466,1.262616,0.550941,0.082491,-0.11034,-0.189564,-0.169805,-0.302494,-0.957743,0.143815,0.303647,0.162579,0.099059,-0.033937,0.028315,-0.994424188528235,0
1.301308,-0.021035,0.174643,0.001082,-0.425024,-0.818032,-0.058998,-0.170396,0.306074,-0.12699,-0.771536,-0.182252,-0.208934,0.261266,1.136293,0.448547,-0.471037,-0.263519,0.18803,-0.058161,-0.123167,-0.375392,-0.032695,-0.065258,0.305148,0.979024,-0.085547,0.000686,-0.986660738105825,0
-0.759059,0.819157,1.985372,1.704033,-0.557422,0.781815,-0.359684,0.765828,0.306335,-0.824646,-1.27433,1.022262,0.257084,-0.534184,-1.490268,-1.538049,1.286025,-1.069512,1.291405,-0.100872,-0.250674,-0.348438,0.023132,0.102266,-0.353884,-0.437862,0.11977,0.080446,-0.996184971098266,0
1.421122,-1.189859,0.170288,-1.783222,-0.582062,1.401303,-1.475189,0.345537,-1.816376,1.307725,0.028835,-0.429246,1.532379,-0.693651,1.171772,-0.438638,0.59243,-0.176503,-0.866612,-0.10113,-0.010961,0.211746,0.182678,3.664552,0.333693,-0.248529,0.046683,0.065339,-0.960871498443753,0
-1.65896,-0.918948,1.795284,1.042865,-0.529629,-0.087135,-0.985762,0.86865,1.308497,-0.860372,-1.36353,0.127745,-1.747075,-0.462415,-1.580987,-0.898982,1.097397,-0.926381,0.319813,-0.575136,-0.215421,-0.031362,1.21205,0.380349,-0.315242,0.24387,-0.000186,-0.150264,-0.991996442863495,0
1.245874,0.650511,-0.489753,1.027593,0.483553,-0.462608,0.227041,-0.093136,-0.400392,-0.416512,1.244611,0.780382,0.707126,-1.036966,0.331715,0.868179,0.132245,1.099597,-0.038918,-0.027228,-0.037429,-0.035383,-0.225122,-0.446427,0.776854,-0.304719,0.031765,0.035608,-0.999110715873722,0
-1.593213,1.457407,1.38446,-1.355564,-0.58726,-0.99017,0.349398,0.306059,0.516464,0.144455,0.196457,0.234325,-0.236695,-0.063225,0.771711,0.133329,-0.154378,-0.990271,-1.336069,0.31768,-0.120688,-0.038225,0.062866,0.623718,-0.3429,0.703666,0.302016,0.070739,-0.999315251222766,0
2.012139,0.160097,-1.592828,0.328346,0.486059,-0.555712,0.122638,-0.117989,0.105789,-0.240117,1.470218,1.317401,0.702685,-0.782463,-0.544163,0.366584,0.300632,-0.052584,0.198295,-0.109306,-0.286877,-0.713353,0.347458,0.631004,-0.301263,0.145764,-0.058061,-0.037833,-0.998852823477101,0
0.675681,-0.882077,-0.468941,0.285102,-0.636688,-1.131631,0.668949,-0.282419,-0.29357,-0.022952,1.463396,0.35542,-1.127427,0.971035,0.199446,0.134497,-0.263979,-0.069179,0.241437,0.478497,0.189316,-0.211777,-0.32864,0.604033,0.34464,1.011695,-0.181732,0.03353,-0.72258781680747,0
-0.261889,0.493308,0.850331,-0.768812,-0.304574,-1.190226,0.423032,-0.27117,-1.60288,0.106836,0.0286,-1.058768,0.011742,-0.988758,0.869223,1.007866,1.269323,-1.234656,1.456215,0.210797,-0.195772,-0.75439,0.192247,0.261946,-0.745796,-0.659712,0.032791,0.196691,-0.967194308581592,0
-0.032977,0.501136,0.79109,-0.592089,0.53134,-0.27572,0.426138,-0.041358,0.410195,-0.889555,0.861602,0.252,-0.403058,-1.28871,0.017485,0.546249,0.117283,1.022969,0.543501,0.031273,-0.133076,-0.150895,0.079062,-0.529276,-1.270306,-0.364486,0.088829,0.030159,-0.993214762116496,0
-1.791312,2.612182,-0.961236,2.482235,1.54996,2.172666,-0.321193,-2.52742,-1.469637,1.159576,-1.020658,0.182762,-0.114818,0.579867,-1.048638,-0.443725,0.587877,-2.021499,-2.662181,-1.191799,3.282636,-0.589402,0.508761,-0.430834,-0.132818,-0.009107,-0.495632,-0.048673,-0.989915518008004,0
-3.409692,-1.369827,0.310822,-2.033251,-0.336617,-1.252208,0.838791,-0.259987,1.9412,-1.204873,-0.985002,0.103208,-0.517225,-0.148726,0.774457,0.355954,-1.048442,0.501779,-0.953724,-1.128068,-0.028469,0.829602,-0.713257,0.113109,0.367495,-1.18861,-0.3068,0.188356,-0.812663405958204,0
-0.492657,0.890772,2.392193,-0.142606,0.263093,-0.211529,0.577943,-0.296699,1.382646,-1.170947,0.400349,-2.128456,2.57168,1.071728,0.553479,-0.356072,0.276991,0.343621,0.490089,0.113851,-0.298054,-0.349662,-0.317884,-0.162516,0.289472,-0.723429,-0.070703,-0.145097,-0.99811471765229,0
-1.94222,1.313195,0.675962,0.895938,-0.346204,0.775695,0.112242,0.236597,0.137015,0.573162,-1.236843,-0.43,0.023321,0.117257,1.938486,0.087631,-0.219885,0.129233,0.673504,-0.470766,0.072989,-0.019035,0.055919,-0.919362,-0.550036,-0.484021,-1.178023,0.363609,-0.937750111160516,0
2.106285,-0.102411,-1.815538,0.256847,0.340938,-1.00249,0.373141,-0.314247,0.541619,0.116893,-1.109268,-0.254243,-1.109612,0.589798,-0.278132,-0.472992,-0.040687,-0.697763,0.271836,-0.264977,-0.060222,-0.047904,0.124192,0.771908,0.144864,0.645126,-0.117185,-0.074093,-0.995188972876834,0
-1.403509,0.573134,0.049264,-2.101197,1.415598,3.840151,-0.772392,1.44259,0.820312,-0.686634,-0.906236,0.26517,-0.193351,-0.442707,-0.801856,0.531119,-0.521466,-0.134739,0.098808,-0.082435,-0.183925,-0.688955,-0.121057,1.059398,0.104223,0.768055,-0.448014,-0.011399,-0.97332147621165,0
-1.035093,0.568995,0.220586,0.963914,0.45677,-0.627779,0.161704,0.252313,-0.375242,-0.082495,-1.435226,-0.427288,-0.145454,0.558209,1.159601,0.135674,-0.360617,0.437737,0.742936,-0.413409,0.050961,0.29862,0.401522,-0.462162,0.090471,-0.269487,-0.196498,-0.081154,-0.996451756336149,0
1.609879,-0.972501,-1.261491,0.015557,-0.095626,0.103412,0.012431,0.010541,0.820518,-0.161235,0.462693,1.139362,0.130837,0.29641,-0.388089,0.289413,-0.759162,-0.067803,0.788966,0.274313,-0.340099,-1.402576,0.261423,0.147559,-0.546557,-0.550702,-0.06182,-0.012242,-0.802658959537572,0
-0.975238,-0.098855,0.750705,-3.097514,-0.637472,-0.438358,-0.388041,0.483444,-2.144771,0.414618,-1.876754,-1.962479,-1.063668,0.003136,-0.623067,-0.166519,0.426348,0.281804,-0.577754,-0.343503,-0.207473,-0.390102,-0.31615,0.409151,0.810784,-0.114836,0.120609,0.025684,-0.982214317474433,0
1.228847,0.148787,0.017609,0.606812,-0.163894,-0.736952,0.170562,-0.105074,0.072189,-0.029799,-0.293373,-0.351047,-1.174507,0.681694,1.174276,-0.236016,0.059512,-0.788564,-0.4644,-0.208416,-0.040502,-0.11761,-0.020679,0.077545,0.454189,0.400714,-0.044132,0.000912,-0.991267229879947,0
0.898614,0.033896,-0.083297,1.256326,0.554091,0.702342,0.155668,0.19636,1.160759,-0.518259,1.606342,-2.525493,0.166047,2.428012,1.169788,-1.532341,1.822234,-1.963373,-2.149185,-0.252497,0.031511,0.278743,-0.027337,-0.708803,0.393032,-0.231545,0.011633,0.005579,-0.919973321476212,0
0.755949,1.777354,-1.542418,1.815037,1.006936,-1.614255,0.784065,-0.243625,0.629881,-1.398282,3.58572,-2.280934,1.550403,-1.926408,-0.393986,0.93503,3.368297,2.188779,-0.404421,0.068877,-0.230891,-0.184186,0.100912,0.134102,-0.534226,-0.470542,0.229042,0.000614,-0.999208537127612,0
-0.188029,0.665593,0.456185,-0.359336,0.552894,-1.143853,0.989684,-0.369368,0.338559,0.09842,-1.168229,-0.976467,-1.816199,0.317148,0.066251,-0.342482,-0.238774,-0.461925,0.49306,-0.056715,-0.263329,-0.486355,0.058497,-0.01963,-1.076799,0.120729,0.11938,0.038872,-0.998417074255225,0
1.814483,-0.666608,-0.638944,0.017068,-0.495175,-0.237092,-0.373083,0.008468,0.975686,-0.085485,0.577934,1.233617,0.425846,0.118991,-0.029338,0.512266,-0.924125,0.274172,0.506361,0.025345,-0.159088,-0.550789,0.250871,-0.511626,-0.501392,-0.326062,-0.015376,-0.034806,-0.910404624277457,0
1.94855,-1.733749,0.392864,-0.039242,-1.752232,1.077548,-1.917777,0.374815,1.617379,0.439111,-2.933592,0.108443,0.334114,-1.519521,-1.562666,-1.342387,-0.004736,1.600214,-0.156187,-0.46115,-0.321755,-0.027316,0.074187,-0.951884,-0.391352,0.796958,0.054,-0.030812,-0.933303690529124,0
-2.326967,2.793897,-1.342388,4.447777,-0.660501,0.105209,-0.432288,1.77331,-2.387589,1.931392,-0.148692,-0.129557,-1.170738,2.026327,-0.503393,-0.117011,0.932519,0.690546,1.278086,0.146088,0.446419,1.135112,-0.234196,0.038465,0.021029,0.700905,0.262219,0.104758,-0.966269453090262,0
1.214132,0.271087,-0.292709,0.880706,0.287801,-0.252426,0.24639,0.04923,-0.25847,0.221705,0.97054,-0.035616,-1.775598,1.112223,0.446605,-0.136549,-0.305715,-0.005376,-0.186306,-0.277174,0.040439,0.092159,-0.147433,-0.334491,0.735434,-0.25798,-0.006837,-0.009787,-0.999208537127612,0
-2.906511,3.249444,-2.913123,-1.733944,0.350176,-1.466338,0.873563,0.577949,1.526782,2.296864,-2.12606,-0.911805,-1.499486,0.764447,0.157487,-0.331343,-0.507568,0.04127,-0.010918,0.87146,-0.14055,0.475094,-0.184767,-1.031914,0.232509,0.092231,0.168012,-0.33703,-0.997945753668297,0
-0.848881,1.490004,-1.380727,0.75545,2.024201,1.24694,0.67656,0.817075,-0.970513,-0.672079,1.068721,0.21013,-0.922037,-0.38031,0.025137,-1.120903,1.952945,-0.288755,-0.0707,-0.144452,0.16804,0.718479,-0.052588,-0.861411,-0.117472,-0.308701,0.26133,0.17225,-0.990706980880391,0
-0.143173,0.938428,1.542034,3.139691,0.307698,0.613951,-0.001067,0.335556,-1.072815,1.195267,0.119485,-0.169506,-0.779769,-0.00516,-1.408235,1.107171,-0.981868,0.696351,-1.276522,-0.278812,0.385218,1.101783,-0.036595,-0.013081,-0.917001,-0.010986,0.033441,0.111251,-1,0
-0.880547,1.707432,-1.975333,0.220638,0.743104,-1.823338,0.254357,0.412403,-0.437338,-1.907667,-0.30108,0.034281,0.673875,-2.157319,0.764359,0.853603,2.053751,1.497413,-0.375409,-0.335284,0.306356,0.735502,-0.326218,-0.291226,-0.364462,-0.173252,-0.268535,-0.065126,-0.999110715873722,0
2.026966,-0.10085,-0.928838,0.501349,-0.35249,-1.353781,0.130429,-0.292552,0.621506,0.084835,-0.485434,0.204685,-0.706456,0.442829,0.137963,-0.236786,-0.05938,-0.990866,-0.05807,-0.28712,-0.267458,-0.666196,0.400144,0.331568,-0.385807,0.180858,-0.071713,-0.058288,-0.998239217429969,0
2.071668,0.090255,-1.788327,0.392291,0.433862,-0.802661,0.1534,-0.196276,0.589601,-0.364672,-0.804078,-0.205825,-0.473287,-0.739455,0.279681,0.389513,0.449236,-0.185745,0.113309,-0.172475,-0.377037,-1.023627,0.32092,0.363784,-0.259059,0.182475,-0.067967,-0.031996,-0.992014228546021,0
-0.759901,-0.274367,-3.383126,-0.31556,0.153328,0.375158,3.372009,-0.11907,-1.074708,-0.66953,-0.152056,0.825904,0.85102,1.188201,-1.201455,-0.632571,-0.607745,0.5969,0.671492,1.175739,0.885421,1.747665,1.229492,-0.177004,-0.69462,-0.155794,0.235516,0.36307,-0.474379724321921,0
2.0665,0.077174,-1.684003,0.453204,0.262183,-0.967523,0.10998,-0.177853,0.661185,-0.344617,-0.671944,-0.431494,-1.104654,-0.609121,0.323989,0.340386,0.576717,-0.200053,0.021751,-0.232596,-0.370951,-1.02006,0.366165,0.607145,-0.310882,0.169099,-0.070127,-0.031841,-0.998239217429969,0
-0.435919,0.665508,2.404039,0.316055,-0.812673,-0.31229,0.120415,0.039649,0.28677,-0.592801,-0.440268,0.690347,0.772099,-0.709241,-0.121518,-0.070076,-0.099511,-0.28974,-0.026355,-0.026819,0.025363,0.227148,-0.071124,0.775953,-0.207607,0.240798,-0.081637,0.032374,-0.984081814139618,0
-0.829673,0.079307,1.60883,-2.485414,-0.878221,0.116577,-0.704313,0.350893,0.481629,0.531673,-1.884004,-1.53387,-0.569197,-1.035086,0.116568,1.993584,-0.577906,-0.353184,-0.339216,0.337833,0.336917,1.201594,-0.257312,-0.780432,-0.240048,-0.137314,0.636602,0.359616,-0.989337483325923,0
0.931035,-0.400862,0.747004,0.395032,-0.011462,1.798963,-0.768898,0.670849,0.321592,-0.212939,2.097611,1.552641,0.252834,0.077136,0.840371,-0.939614,0.698695,-1.61385,-1.421908,-0.137559,0.279854,1.034888,-0.01054,-0.939022,0.110216,0.714224,0.053088,-0.002114,-0.966207203201423,0
1.100959,-0.388679,1.073085,0.705319,-0.989875,0.197784,-0.759393,0.288427,0.836628,-0.056837,0.507891,0.506958,-0.946294,-0.030259,-0.366359,0.504556,-0.488139,0.491912,0.369389,-0.077583,-0.053982,-0.113989,-0.037127,0.026854,0.223982,0.319222,0.000432,0.017157,-0.964437527790129,0
-0.728742,0.825685,2.969301,2.881697,-0.132126,0.666901,-0.217498,0.351591,-1.338993,0.599608,1.031483,0.759131,0.86452,-0.219491,0.142626,0.204733,-0.189598,0.694217,1.158705,0.321956,0.110357,0.319823,-0.15843,0.350842,-0.020633,0.215484,0.11218,0.098424,-0.986002667852379,0
1.112324,-0.357184,1.092501,0.259616,-1.129612,-0.396114,-0.540449,0.042301,0.866421,-0.427112,0.100504,0.931301,0.416002,-0.400775,0.332194,-0.482807,0.431412,-1.01059,-0.360597,-0.04273,0.115704,0.568159,-0.005224,0.72953,0.213526,1.176472,-0.030128,0.014954,-0.973054690973766,0
1.468348,-1.140941,0.372482,-1.452282,-1.395891,-0.350258,-1.126791,0.032524,-1.582322,1.412078,-0.764821,-1.666521,-0.976884,0.001995,1.107384,-0.383619,0.707346,-0.381221,-0.370403,-0.421343,-0.46117,-1.053703,0.206816,-0.383795,0.038269,-0.424625,0.039344,0.02,-0.977812361049355,0
-0.921309,0.880852,1.393275,-1.643142,0.36703,0.306973,0.165677,-1.512524,0.613262,-0.787842,0.505041,0.499104,-0.961182,-0.03275,-1.060558,0.782583,-1.267478,0.432674,-1.085582,-0.569841,1.414126,-0.75846,0.180332,0.658062,-0.472741,-0.925177,0.05044,-0.042988,-0.993819475322365,0
-1.667895,1.531622,-0.37483,-1.017769,1.059251,0.670964,0.031096,-3.131373,-0.010816,-1.301317,0.754848,1.069611,0.492576,-1.462435,-1.225607,0.288881,0.807888,0.703029,0.4003,-0.916881,2.796566,-1.308669,0.28981,0.083382,0.274699,-0.065001,0.399597,0.096983,-0.954655402401067,0
-0.801444,0.656209,0.919133,-1.667599,-1.148695,0.511927,-2.629432,-5.069244,-1.695396,-0.837946,0.668291,-0.49967,-2.110355,1.136181,-0.303295,2.196473,-0.021741,-0.762782,-0.019086,1.238543,-2.6494,0.059994,0.105929,-0.09425,1.091939,-0.47668,-0.064936,0.185367,-0.9917563361494,0
1.304559,-0.864413,0.835654,-0.733984,-1.153353,0.393271,-1.257626,0.299423,-0.344317,0.662959,0.97275,-0.087351,-0.346117,-0.343239,-0.093137,1.103685,0.291606,-0.843426,0.539285,0.027617,0.391299,1.188109,-0.164788,-0.24781,0.475965,0.04231,0.050489,0.003556,-0.991018230324589,0
1.135177,-0.165235,0.249727,0.78313,-0.401507,-0.414477,0.04499,-0.111468,0.522434,-0.21823,-1.14288,0.201117,-0.150014,-0.041471,-0.143353,-0.119035,-0.134361,-0.512046,0.385614,0.020893,-0.225865,-0.629453,-0.10651,-0.085099,0.488077,0.293723,-0.037176,0.019198,-0.933339261894175,0
1.118551,-0.45979,1.032967,0.702427,-1.038607,0.2326,-0.795873,0.342446,1.083804,-0.106926,0.238762,0.212281,-1.813804,0.008624,-0.872633,0.263871,-0.211802,0.311331,0.644827,-0.155766,-0.18875,-0.451082,0.005467,0.009228,0.202614,0.380836,-0.01044,0.010095,-0.97332147621165,0
-0.186167,0.494901,1.83119,-0.759659,-0.267277,-0.20276,-0.398613,-0.767494,1.111135,-0.948907,1.983208,-1.929142,1.316482,1.76962,-0.530946,1.075992,-0.21144,0.426761,-0.551305,-0.234137,0.403836,-1.277733,-0.362884,-0.042598,1.008618,0.788946,-0.047572,0.11791,-0.983139172965763,0
-0.48588,0.878485,1.331879,-0.450445,0.193235,0.427032,0.053576,-0.713464,0.337485,-0.835373,-1.004084,0.823796,1.511782,-0.530506,0.267685,-0.212281,-0.42135,0.243368,0.141896,-0.132708,1.046911,0.810503,-0.175579,0.662681,-0.190893,-0.19348,0.252587,0.187841,-0.991116051578479,0
1.233266,-0.285806,0.62169,0.493318,-0.271826,0.949143,-0.762478,0.327031,1.096754,-0.268525,-1.845337,-0.194169,-0.217751,-0.365035,0.606943,0.301006,-0.376296,-0.168811,0.131069,-0.115476,-0.160691,-0.253208,-0.108006,-1.305717,0.350967,0.434958,0.028144,0.008832,-0.990662516674077,0
-3.119434,-0.113333,0.725638,-1.347207,-0.39296,-1.09714,0.026154,0.202432,3.187476,-0.964917,0.698976,-1.909387,1.069807,1.359885,0.065582,-0.754691,0.879027,-0.169036,-0.577313,-0.738545,-0.271781,0.463974,0.586749,0.352392,0.205781,-0.851648,-0.055734,0.812798,-0.964428634948866,0
0.095586,0.955622,-0.340525,-0.622587,0.850267,-0.595497,0.849406,0.055463,-0.240523,-0.652375,1.038097,0.343288,-0.608124,-0.711971,-0.893734,0.514237,0.191574,0.299512,0.014662,-0.005265,-0.286905,-0.739619,0.107343,0.646709,-0.485316,0.088304,0.215124,0.074414,-0.99600711427301,0
-1.311599,1.759767,-0.060511,-0.782365,0.18545,-1.155595,0.806985,0.099322,-0.016343,0.081882,-0.853482,0.852133,1.166899,0.036774,-0.527088,-0.156152,-0.308301,-0.862232,-0.052407,0.165028,-0.203438,-0.440472,0.110172,0.06631,-0.457319,0.115269,0.172412,0.30664,-0.998666073810582,0
0.027712,0.847097,0.193532,-0.781968,0.668572,-0.610733,0.926292,-0.06585,-0.352137,-0.25327,0.566013,0.970528,0.449498,0.196288,-1.131925,0.173913,-0.802105,-0.207171,0.323466,0.007817,-0.225778,-0.479247,0.006804,-0.3298,-0.461791,0.13915,0.246783,0.084844,-0.999208537127612,0
-1.244735,0.553117,1.643378,1.194322,1.952439,0.441591,0.366491,0.226841,-1.319632,-0.091994,-1.704719,-0.303121,1.103137,-0.148663,0.239079,0.881534,-1.120461,-0.042032,-1.416116,0.141091,0.205644,0.359559,-0.438429,-1.292453,0.784573,0.189631,0.005045,0.062301,-0.991116051578479,0
-0.714108,-2.08814,1.010356,-2.334889,1.433856,0.438562,-1.529123,0.293544,-1.802749,1.196778,-0.525647,-0.769462,1.168652,-0.707914,1.282953,-1.100165,0.798231,-1.010365,-0.898415,0.093304,-0.076034,0.028812,0.520033,-0.620564,-1.427645,-0.471915,0.100272,0.034026,-0.996896398399289,0
-0.936119,1.18096,-0.500452,-1.221045,2.115638,3.282895,-0.261877,1.376366,-0.497153,-0.163364,-0.304927,-0.07349,0.008946,0.536379,1.017702,0.628289,-0.731657,0.120048,0.353171,0.235539,-0.270323,-0.936535,0.016919,0.978508,0.042156,0.093792,0.249139,0.110539,-0.998239217429969,0
1.271535,-0.128957,-1.24145,-0.620868,2.050066,3.209152,-0.436748,0.767225,-0.090463,-0.014205,-0.029174,0.053456,0.029626,0.463519,1.203744,0.577001,-0.869134,-0.077588,0.277698,0.078939,-0.249086,-0.939555,0.034267,1.010897,0.425056,0.280713,-0.047282,0.011964,-0.972449977767897,0
-1.575135,1.862441,1.865146,0.865958,-0.367442,0.836763,-1.659424,-5.274937,-1.002903,-1.225881,-0.012735,0.385286,-0.636883,0.852185,1.508435,-0.140988,0.334209,-0.411532,-0.276248,1.316837,-2.653362,0.575105,0.332912,0.31146,-0.155001,-0.539786,-0.116778,-0.066352,-0.999893285904847,0
0.089209,0.358153,0.873051,-0.739417,0.131468,-0.119233,0.565791,-0.229283,1.105737,-0.599735,-1.715368,-0.370167,-0.235942,-0.428098,0.430803,0.15602,-1.020475,0.756354,-0.207557,-0.143288,0.280522,1.122092,-0.314841,-0.646478,-0.163564,-0.530984,-0.153114,-0.179989,-0.969764339706536,0
-0.276832,-0.439752,-0.630529,-0.278351,2.076237,-1.519461,0.053546,-0.201551,1.780387,-0.798026,-0.54506,-2.848315,1.006788,2.043055,-0.398661,-0.247124,-0.065826,0.780119,-0.509146,-0.042736,0.429601,1.271549,0.297682,0.411086,-1.522783,-0.826083,0.317164,0.378616,-0.999110715873722,0
-0.693389,-0.373842,1.303496,-3.178091,-0.368082,-0.291619,-0.182835,0.185916,-2.257328,0.820358,0.281649,-1.302048,-1.243858,-0.103567,-1.313731,-0.198635,0.13114,0.620108,-0.408358,-0.253624,-0.180738,-0.197179,-0.3398,0.701386,0.714296,-0.154673,0.239677,0.100932,-0.991116051578479,0
-2.494747,-1.631168,2.473901,-0.072365,2.19766,-1.475477,-0.798645,-0.528161,2.159036,-0.405101,-0.044972,-2.605983,1.911796,0.51776,-0.420063,0.156632,-0.038069,0.336509,-0.279281,-0.49092,-0.205182,0.462827,-0.975598,-0.010185,0.425085,0.774401,-0.364445,-0.272455,-0.97865718096932,0
1.243379,-0.683068,-0.267682,-0.847706,-0.468593,-0.385743,-0.247494,-0.003525,-1.187042,0.778943,1.254549,-0.545357,-1.21809,0.583401,0.174745,0.91632,0.380613,-1.582274,0.836259,0.107758,-0.060796,-0.517671,0.004677,-0.345356,0.323766,-0.421671,-0.031598,0.002721,-0.928697198755002,0
-1.154759,0.030738,1.75066,1.340498,-1.034465,0.951578,1.214017,0.1581,0.410689,-0.742005,-1.860267,-0.239063,-0.496301,-0.589706,-0.924064,-0.906515,0.333691,0.495778,0.920962,0.758207,0.359713,1.067427,0.004567,-0.087856,1.133351,0.031475,0.274897,0.151921,-0.735882614495331,0
1.235825,-0.029997,0.60842,-0.036957,-0.525784,-0.466973,-0.396515,-0.077018,1.459066,-0.417878,2.103522,-1.764437,1.630606,1.767843,-0.148035,0.67719,0.004326,0.474997,0.235508,-0.062209,-0.246222,-0.524885,0.04216,-0.01574,0.098671,0.868257,-0.105398,-0.008111,-0.983877278790574,0
-0.130568,-1.633026,-1.993372,1.637222,0.030964,-1.29218,2.25295,-0.738046,-1.24616,-0.017584,1.4912,0.886117,-0.162429,1.394341,-0.526683,-0.732675,-0.171275,0.022676,-0.153568,1.329581,0.797374,0.706642,-1.136376,0.671997,1.255258,0.042227,-0.210851,0.101031,-0.34134281903068,0
2.079263,0.209828,-1.710224,0.398028,0.506441,-0.833311,0.233966,-0.274613,0.387203,-0.39953,-0.491186,0.516957,0.803147,-0.992778,0.129088,0.297778,0.412383,-0.379758,0.068078,-0.107433,-0.359731,-0.894766,0.324424,0.501939,-0.226309,0.172519,-0.058004,-0.029422,-0.998408181413962,0
1.226045,-0.022482,0.506098,0.855552,-0.672954,-0.741619,-0.106891,-0.062205,0.662056,-0.156325,-0.885702,-0.221991,-1.34686,0.191886,-0.066714,-0.220988,0.107178,-0.552647,0.226345,-0.198482,-0.245534,-0.594098,0.026694,0.394406,0.408814,0.272851,-0.031415,0.010616,-0.991605157847932,0
-0.423536,0.119314,1.470485,-0.005558,-0.026135,-0.51659,-0.213411,0.132147,0.016082,-0.127676,-0.045884,0.270169,0.72577,-0.101462,1.852884,-0.30703,0.171768,-0.349812,0.520039,0.391539,0.218526,0.717623,0.108954,0.180421,-0.647463,1.191925,0.281298,0.136766,-0.982223210315696,0
2.190289,-0.648988,-1.527715,-1.091087,-0.232316,-0.962132,-0.214841,-0.286943,-0.956022,1.016306,0.965187,0.142248,0.256651,0.315404,-0.410162,1.077307,-0.117154,-1.279759,1.005098,-0.003901,0.091979,0.181816,0.161155,-0.392451,-0.065013,-0.309791,-0.049424,-0.074678,-0.982214317474433,0
-0.095227,1.212785,-0.650448,-0.203359,0.815452,-1.353367,0.989533,-0.36124,0.102088,-0.593392,-0.545025,-0.131067,0.3472,-1.094655,0.685863,0.057054,0.429516,0.724003,-0.151983,0.020818,0.282869,0.995724,-0.208779,-0.175384,-0.313888,-0.158896,0.110705,0.214902,-0.997767896843041,0
-1.170214,0.307679,1.17007,-0.773915,1.178732,0.084619,0.489563,0.269869,-0.416478,-0.515118,0.160746,0.172462,-0.391125,0.230407,-0.528339,0.391331,-0.843772,0.537792,0.403304,0.325935,-0.013154,-0.191388,-0.274262,0.199656,0.737045,0.359227,0.189176,0.113084,-0.963583815028902,0
-0.641743,0.980843,1.091729,-0.245662,0.91179,-0.3001,1.12878,0.027279,-0.926054,-0.530057,0.356849,0.163927,-0.571132,0.631992,-0.418357,0.580514,-1.098754,0.254127,0.035155,-0.082173,-0.292478,-1.066774,-0.111394,-0.590115,0.099748,-0.849283,0.054265,0.093064,-0.976567363272566,0
1.347124,-0.756103,-0.485562,-0.96684,-0.186858,0.106759,-0.424865,-0.041787,-0.715446,0.601655,-1.39326,-1.339034,-0.244742,0.018692,1.089109,1.145276,0.099808,-1.287626,0.670553,0.182244,0.1824,0.317349,-0.310572,-1.294649,0.698228,-0.005657,-0.008649,0.003711,-0.928279235215651,0
1.044677,-1.926615,-0.830701,0.970249,-1.293947,-0.574379,0.073083,-0.205413,1.038121,-0.116109,-0.885857,0.045755,-0.163561,0.133652,0.957234,0.595385,-0.635067,0.275272,-0.630048,0.776828,0.483627,0.401833,-0.249107,0.096745,-0.483607,0.302619,-0.10887,0.041214,-0.555357936860827,0
2.070206,-0.052247,-1.255371,0.377224,-0.132117,-1.352597,0.172202,-0.36109,0.711937,0.026656,-0.778592,0.031852,-0.427977,0.558259,0.829426,-0.15858,-0.488792,0.036456,-0.25486,-0.277961,0.253959,0.880241,0.007523,0.070749,0.235771,-0.10267,-0.019361,-0.05858,-0.999110715873722,0
-0.82838,0.47708,-0.401213,-1.299934,2.995618,3.679731,0.297276,1.006788,-0.593036,-1.340897,0.200399,-0.440365,-0.340555,-1.041784,0.849672,0.200201,0.709272,0.255993,0.116912,0.293157,-0.069384,-0.416027,-0.206776,0.621831,0.548891,0.626198,-0.004026,0.079498,-0.943530457981325,0
-0.417273,1.177529,-0.47623,-0.250189,1.817369,-0.388558,1.535041,-0.302095,-0.051809,-1.409951,1.850607,-2.024023,2.208486,0.620472,-1.618398,-0.129218,1.321278,0.847717,0.617313,0.200945,-0.075737,-0.024478,-0.524126,0.21327,1.285334,0.854877,-0.200242,-0.074797,-0.949550911516229,0
1.191764,0.123671,0.125734,0.466992,-0.117594,-0.130153,-0.2153,0.198796,0.047186,-0.107961,1.271984,0.00259,-1.509036,0.253695,0.854684,0.557546,-0.000651,0.061624,-0.132067,-0.198542,-0.249178,-0.801929,0.125896,-0.394587,0.099828,0.132666,-0.02191,0.010309,-0.998239217429969,0
2.052146,-0.15575,-1.255422,0.194388,0.094628,-0.630244,0.032849,-0.12483,0.401416,0.259639,0.433831,0.664713,-0.511575,0.557798,-0.562598,0.257017,-0.679048,-0.148444,0.618883,-0.234326,-0.275357,-0.721425,0.275658,-0.508387,-0.284466,0.209899,-0.078965,-0.076144,-0.998239217429969,0
-0.25622,0.613943,-1.501689,-0.521429,0.693147,0.330263,0.854874,0.536824,0.256621,-1.870448,-0.226963,0.657506,0.259171,-1.313123,-0.131074,-0.785717,1.964522,-1.15408,-1.402859,-0.130753,0.201246,0.638944,0.726041,-1.168825,-2.097408,-0.359962,0.264269,0.329157,-0.877198755002223,0
-1.688725,1.553733,-0.455106,0.262975,0.663963,0.288637,0.420548,-0.270454,2.919929,1.290438,-0.603617,-1.605397,2.789025,0.291841,-2.22535,-1.365199,0.961116,-0.729323,1.317762,0.283132,-0.512468,-0.400032,0.416737,0.255351,-1.090274,-0.022415,0.123428,0.726633,-0.999991107158737,0
-1.331822,2.556196,0.757328,4.120737,0.795114,1.763517,-0.286838,1.101668,-1.420818,1.061877,0.791633,-1.796924,3.4889,2.015952,-0.831865,0.296992,0.691682,0.938457,1.593259,0.370822,-0.130986,-0.12676,-0.352527,-0.238806,0.564171,0.46302,0.176325,0.049012,-1,0
2.188882,-1.522485,-1.317616,-1.800534,-0.3945,0.963214,-1.290503,0.242091,-1.181841,1.447173,-0.766118,-0.874598,0.092631,-0.271805,0.649326,-1.354593,1.216487,-1.302679,-1.053164,-0.501236,-0.115405,0.228371,0.300122,-0.58916,-0.330549,-0.082227,0.049169,-0.057649,-0.977767896843041,0
-26.054765,-37.154221,-4.707242,7.258823,14.929359,-12.709475,-7.004254,1.323841,-1.056135,-1.344687,-1.391533,0.864529,1.912425,2.247206,0.79211,1.471444,0.6464,0.265946,-0.790931,13.530721,4.293728,-2.389004,4.259335,0.731504,1.704721,-0.393755,-0.374638,-4.601959,0.92096042685638,0
-1.241528,1.249251,1.079731,-0.962119,-0.12624,-0.458849,0.531884,0.23913,0.582349,0.475189,0.468444,-0.161112,-1.824175,0.18648,-0.748657,0.298975,-0.593563,0.173351,0.110645,0.314824,-0.272125,-0.526305,-0.079724,-0.023222,-0.103551,0.314794,0.603232,0.346903,-0.995553579368608,0
-1.144849,-0.401165,2.190218,-1.052164,0.516164,1.810331,-0.355612,0.878711,0.34781,-1.177156,1.636056,1.478458,-0.077108,-0.397423,-0.589715,-1.045786,0.831591,-1.987888,-1.354948,-0.009699,0.095215,0.388064,0.207665,-0.957998,-0.651329,0.877579,0.087011,0.099199,-0.951027123165851,0
-0.766744,0.449209,0.441954,1.101474,-1.078727,-0.221844,1.157925,0.321751,-1.042154,-0.42697,1.198451,0.644744,-0.20112,0.904984,0.306661,0.054682,-0.225309,0.68111,0.491495,0.429136,0.391783,0.534149,0.580767,0.507986,-0.090346,-0.365657,-0.140722,-0.007592,-0.756780791462872,0
-1.640204,1.390191,0.715786,2.581075,0.148316,-0.207899,0.062997,0.805796,-1.941127,0.104385,-0.671011,-0.047285,0.14553,1.034542,0.86531,-0.05895,0.473566,-0.526546,-0.12543,-0.208775,0.168918,0.133371,-0.251661,0.104037,-0.010253,0.144935,-0.192157,-0.16286,-0.966180524677634,0
1.97348,-0.47949,0.195721,0.549729,-1.027058,-0.400277,-1.015951,-0.013226,2.779313,-0.371507,-0.173092,-2.558675,1.202419,1.232977,0.112315,0.706613,0.083258,0.426626,-0.457078,-0.245018,-0.129935,-0.014341,0.315713,-0.161859,-0.626857,0.451457,-0.044595,-0.045879,-0.98581591818586,0
-1.30772,0.446476,-1.040919,0.373469,0.894866,-1.375392,0.902125,0.210498,-0.171514,-1.768261,-0.601474,0.302315,0.488655,-1.810921,-0.402905,-0.137933,1.823322,0.568934,0.16001,0.512581,0.100437,0.072531,0.129387,-0.236708,-0.210717,-0.305868,0.322347,0.124607,-0.880151178301467,0
1.884805,0.651404,-0.494365,4.051992,0.425853,-0.264527,0.220639,-0.299123,0.285825,1.065591,-0.207575,-2.383505,2.302447,1.515335,-1.68265,0.646332,-0.036111,-0.183504,-1.77301,-0.248857,0.014095,0.355436,0.067943,-0.005452,0.095622,0.049699,-0.062744,-0.051075,-0.973045798132503,0
-1.677181,0.811996,-0.613368,-2.496504,-1.187616,0.179288,-0.701108,1.439133,-1.125729,-0.343854,-0.702759,-1.056178,-1.825339,0.921704,-1.187355,2.03447,0.029285,-0.212551,0.447917,-0.356368,0.354733,0.502281,-0.112023,0.055241,0.075862,-0.272331,-0.260659,-0.051391,-0.921742996887506,0
-0.76507,1.039526,1.17945,-0.085203,0.145014,-0.05328,0.819785,0.016683,0.150001,-0.200434,-1.523092,-0.049335,0.191344,-0.345962,-0.359962,-0.190946,-0.270908,-0.292444,0.669274,0.258254,-0.274208,-0.433837,-0.215828,-0.428318,0.161115,0.296739,0.441006,0.220446,-0.960924855491329,0
-9.37434,5.316151,-1.46754,-0.614822,-4.436572,0.834916,-2.283285,1.42393,5.540181,8.582779,-2.006939,0.393149,-0.347154,-2.461901,-0.849204,-2.321142,0.941331,1.517006,-0.644879,2.435023,-0.545398,-0.621946,-0.084077,-0.072477,1.926212,-0.154729,1.686882,1.003743,-0.955535793686083,0
-1.242797,1.111648,-0.169232,-2.386262,-0.099334,-1.048331,0.136449,-1.50461,-1.598647,-0.068098,-0.812633,-0.222122,0.785874,0.213934,-0.583974,1.094119,0.200803,-1.789888,-0.085154,-0.331584,1.629153,-0.302696,-0.006114,-0.092513,0.141316,-0.38147,0.314712,0.091016,-0.97332147621165,0
0.75065,-1.174771,0.858232,0.452641,-1.509952,-0.325438,-0.391226,0.037834,1.303079,-0.538577,-0.934648,0.145688,-0.808949,-0.33705,-0.182743,-0.049457,0.197959,-0.488479,0.396422,0.354199,-0.099193,-0.605785,-0.120737,0.443699,0.021126,0.920393,-0.084061,0.053959,-0.78054246331703,0
1.837735,-1.430926,-0.822133,-1.190599,-0.235423,1.626842,-1.258189,0.560247,-0.160728,0.693718,1.320089,0.338797,0.021063,-0.144494,0.430504,0.660818,0.625243,-2.280892,-0.124914,0.089176,0.119373,0.18921,0.382016,-0.68683,-0.733835,-0.428119,0.038814,-0.042629,-0.910235660293464,0
1.081059,-0.130885,0.512434,1.281291,-0.28566,0.503406,-0.342561,0.311824,0.503121,0.032047,0.536281,0.420103,-1.510662,0.326712,-0.708025,-0.311715,-0.01976,-0.073406,0.019198,-0.211114,-0.024789,0.060189,-0.12923,-0.327946,0.588894,-0.263662,0.039227,0.007343,-0.97332147621165,0
1.253507,-0.422425,-0.209638,-0.593084,1.284854,3.82428,-1.389649,1.068723,0.623395,-0.056757,-0.178349,0.014056,0.27624,-0.099532,1.774002,1.170284,-1.179332,0.835372,-0.208138,0.060209,0.165384,0.386871,-0.065496,1.0583,0.34957,0.592774,0.016493,0.024137,-0.994059582036461,0
-0.812725,1.30419,1.154233,2.402461,1.621056,0.421916,1.014844,0.028118,-1.548829,0.478329,-1.698955,-0.095576,0.61823,-0.351213,-2.239035,0.578799,-0.857204,-0.558371,-1.98792,-0.254471,0.158083,0.499601,-0.357701,0.622903,0.20054,-0.05192,-0.01123,0.144062,-0.993277012005336,0
1.001167,-0.243897,0.383877,1.39977,-0.530131,-0.029067,-0.178737,0.288998,0.501285,0.113898,0.792309,-0.434806,-3.480153,0.931209,-0.447177,-0.426923,0.273312,-0.140722,-0.150044,-0.28357,-0.041371,-0.200171,-0.05789,0.159029,0.47667,-0.337753,0.004981,0.010343,-0.944650955980436,0
-0.759195,0.510006,1.575875,-1.024576,0.746703,0.070586,0.465449,-0.029926,1.453086,-1.517922,-1.188158,-2.695127,1.919683,0.935446,-1.537414,0.148385,0.188363,0.088363,0.289538,0.008688,-0.284279,-0.479179,-0.477968,-0.970411,0.636522,1.07407,-0.087694,0.025187,-0.985682525566919,0
1.345612,-0.756047,-0.573657,-1.106484,-0.103283,0.171427,-0.389861,-0.057322,-1.061449,0.787463,-0.084184,-0.453514,0.483181,0.024369,0.08196,1.697218,-0.590119,-0.323475,1.433002,0.309457,0.201292,0.308068,-0.413493,-1.344757,0.804718,-0.036322,-0.027074,-0.00252,-0.916585148955091,0
2.231428,-1.487779,-1.252706,-1.758598,-0.879442,-0.092103,-1.107255,-0.049165,-1.472206,1.729651,0.271871,-0.309424,0.35758,-0.213085,-0.836602,-0.27104,0.093139,0.535082,0.326386,-0.324044,-0.13178,-0.003549,0.167604,0.262329,-0.134406,-0.190287,-0.007436,-0.053018,-0.955535793686083,0
1.280911,0.724928,-0.9319,1.128203,1.00102,0.089433,0.171564,-0.017801,-0.093829,-0.801201,-0.751847,-0.254622,0.775229,-1.842992,1.425176,0.873428,0.794409,0.730948,-0.604748,-0.036425,-0.097619,-0.132172,-0.288541,-1.465103,0.811263,-0.165319,0.061455,0.048908,-0.999110715873722,0
-1.643023,-0.648122,1.850869,0.398086,-1.08248,1.199006,1.587161,0.251647,0.029059,-1.268482,-1.33831,-0.652728,-0.737812,-0.195244,0.418706,0.426478,-0.537697,0.305274,-1.235744,0.81166,0.427919,0.480502,0.635777,-0.523082,0.673254,-0.275453,-0.064405,0.101253,-0.602116496220543,0
0.167004,-2.14462,0.174132,-0.533135,-1.320163,0.379215,-0.08106,0.120125,1.50815,-1.198854,1.20817,1.561669,0.337026,0.081305,0.890937,-0.404062,-0.248506,0.575502,0.356438,0.959139,0.517331,0.587654,-0.622923,-0.222897,0.382769,-0.555874,0.009576,0.108417,-0.530457981325033,0
-0.384662,-0.230796,1.591756,-0.859714,-0.127406,-1.008097,0.259286,-0.672895,-0.895197,1.114317,-0.276445,-1.279665,-0.13669,-0.633117,0.941865,0.520196,0.288911,-1.003585,1.276513,0.258524,0.338913,1.219469,-0.273107,0.44785,-0.373937,-0.127094,-0.453157,-0.188274,-0.982392174299689,0
1.876555,-0.677943,0.030167,0.958975,-1.133622,0.10703,-1.170058,0.238782,2.309412,-0.843912,-1.449834,0.577206,-0.117093,-2.407001,-1.5579,0.10831,1.104052,0.11743,0.290656,-0.145042,-0.196969,-0.051074,0.204988,-0.145606,-0.409569,0.577438,0.03556,-0.011282,-0.975962650066696,0
2.064008,0.032406,-1.755894,1.602215,0.799324,0.022923,0.237936,-0.079352,-0.856264,1.358787,-0.467682,-0.435035,-1.039214,0.601779,-1.649901,0.948282,-0.758641,-0.441434,0.065343,-0.210321,-0.12982,-0.392469,0.063059,-1.079532,-0.201408,2.318224,-0.243445,-0.117364,-0.986749666518453,0
1.997083,0.47629,-2.287326,1.372448,1.016602,-0.671773,0.535238,-0.166291,-0.08007,-0.178548,1.122229,0.51508,-0.753523,-0.723532,-0.98751,-0.025768,0.786875,0.560277,-0.151262,-0.253829,0.006888,0.18833,0.01172,0.570563,0.435578,-0.540104,-0.006108,-0.033925,-0.999110715873722,0
1.161754,0.01294,0.076316,0.216305,-0.242723,-0.591242,0.090644,-0.011456,-0.163564,0.031496,1.694295,0.635049,-0.891806,0.802363,0.477252,-0.142777,-0.093945,-0.455775,-0.125358,-0.137518,0.028172,0.034976,-0.015642,0.254397,0.35829,0.60104,-0.065103,-0.008059,-0.979546465095598,0
-0.594937,1.928564,0.668678,2.460892,0.963673,0.390744,0.750436,0.260853,-2.257647,0.374293,-1.692121,-0.189315,1.603075,0.504921,0.919427,0.046975,-0.223988,0.211529,1.483344,0.151263,0.010489,-0.023287,-0.512148,-0.952055,0.679852,0.437636,-0.069787,0.00101,-0.999110715873722,0
1.153672,-0.080013,0.747533,0.832255,-0.734765,-0.382781,-0.263139,0.052488,0.396003,-0.045921,1.064075,1.121982,-0.393443,0.046926,-1.070326,-0.189296,-0.084475,-0.112198,0.399695,-0.120888,-0.042719,0.061118,-0.058886,0.586833,0.483325,0.381337,-0.019672,0.004557,-0.989052912405514,0
-0.31401,0.738478,-1.319462,-1.605967,1.091924,-0.579444,1.231188,-0.327472,0.345474,0.05021,0.092865,0.039966,-1.109088,0.682289,-0.826503,0.365495,-1.301156,0.288273,-0.201972,-0.522596,0.142493,0.21903,0.381477,0.148256,-1.914924,-0.682875,-0.376054,0.399315,-0.964428634948866,0
2.156834,-0.207978,-1.828879,0.568104,0.054147,-1.344943,0.360357,-0.483848,-1.087834,1.193783,-1.127254,-0.535606,-0.569873,0.81233,0.164592,-1.919607,-0.107732,0.948842,-1.188985,-0.723612,-0.241806,-0.162674,0.066335,-0.147437,0.328106,-0.473828,-0.009864,-0.059653,-0.986278345931525,0
-2.520554,-0.19195,-1.007659,0.639423,-2.354507,0.007113,0.378661,0.8205,0.181134,-1.000255,-1.328826,0.229614,0.096462,0.914529,1.292714,0.384411,0.1113,0.620751,0.487792,-0.805099,0.368395,1.074441,-0.488462,0.099441,-1.216168,-0.263439,-0.039253,-0.308099,-0.674157403290351,0
-0.370749,0.869604,0.545302,-0.39433,0.213214,0.111358,0.383778,0.255885,-0.423841,-0.153619,0.193387,0.461909,0.370317,0.304111,0.15951,0.867771,-1.083267,0.482223,0.721837,-0.072543,-0.200703,-0.648906,0.070882,-0.844264,-0.815694,0.004989,-0.339346,-0.227339,-0.968919519786572,0
-1.046233,1.483007,-1.186383,-0.119419,0.201096,-1.49067,0.307883,0.591631,-0.250409,-1.201534,-1.07817,-0.473223,-0.70397,-0.15293,0.732365,0.328675,0.858918,0.986099,-0.074531,-0.21966,0.362722,0.948072,-0.101469,-0.200183,-0.380926,-0.141208,0.117469,0.104705,-0.998603823921743,0
-0.648189,0.806433,0.80382,0.198962,-0.619031,-0.149073,-0.174319,0.269644,-0.117807,0.624889,1.758655,0.817807,0.101235,0.384449,1.35953,-0.472088,0.319473,-0.076625,1.539862,0.122959,0.138382,0.545256,0.238494,0.292633,-1.817741,0.868406,-0.186355,-0.022449,-0.979768786127168,0
2.051776,-0.272095,-1.256746,0.182013,0.003315,-0.596621,-0.017088,-0.205413,1.109817,-0.21295,-1.088154,0.577144,0.097774,-0.004092,-0.412449,-0.620757,-0.097493,-0.413047,0.3004,-0.192992,0.075667,0.510406,0.057871,0.799636,0.230135,0.160117,-0.030922,-0.054554,-0.991276122721209,0
1.216288,-0.273634,0.810553,-0.31717,-0.852987,-0.365119,-0.492575,-0.03791,1.421854,-0.872161,-0.762737,1.045575,1.154504,-0.42361,1.031424,-0.136814,-0.458112,0.205565,0.477981,0.006163,-0.006628,0.208588,-0.125387,-0.07411,0.558018,-0.536386,0.087386,0.037044,-0.977172076478435,0
2.041221,0.102759,-2.082608,0.88893,0.94334,-0.262719,0.417418,-0.080281,-0.029621,0.557973,0.108588,-0.307617,-1.840286,1.25902,-0.094609,0.14527,-0.83249,0.437101,0.100722,-0.320589,0.033799,0.019184,0.028283,-0.037148,0.324192,-0.597696,-0.043419,-0.070351,-0.986660738105825,0
1.217113,0.227658,0.173586,0.577996,-0.301003,-0.974993,0.217075,-0.166696,-0.350353,0.153644,1.537951,0.855982,-0.266406,0.66121,0.096244,0.146128,-0.453351,-0.034532,0.100313,-0.109228,0.008038,0.000962,-0.04888,0.566634,0.504205,0.337653,-0.057416,-0.00177,-0.992005335704758,0
0.040039,-0.346979,-0.534899,-1.27474,-0.24045,-0.435032,1.46488,-0.331666,-1.392283,0.047993,-1.258323,-0.364455,0.254481,0.108106,-0.645589,-1.695504,-0.116822,0.744739,-0.835097,-0.087984,-0.313764,-0.772682,0.568412,0.695023,-0.267268,0.40671,-0.110422,0.007974,-0.801422854602045,0
0.942597,-0.115328,0.010576,1.424204,-0.121631,-0.344333,0.402508,-0.12338,0.055636,-0.10579,-0.441522,0.328782,-0.264566,0.335107,0.273398,-0.644958,0.177909,-0.84348,-0.528949,0.060149,0.070582,0.094315,-0.231465,0.105686,0.713653,-0.245073,-0.00011,0.033062,-0.879946642952423,0
2.120576,0.035423,-1.518053,0.198529,0.340106,-0.917024,0.256879,-0.399676,0.537568,-0.015449,-1.154229,0.581813,1.163041,0.224035,0.719499,-0.023324,-0.827169,0.084668,-0.000958,-0.161196,0.224821,0.871597,-0.09663,-0.590092,0.378872,-0.064184,-0.010679,-0.062524,-0.999110715873722,0
1.755759,-0.269011,-2.8173,1.592692,1.403649,-0.155958,1.146319,-0.453324,-1.675484,1.345824,-0.271903,0.317248,0.963691,0.654813,-1.631431,0.735396,-0.980707,-0.435574,-0.044385,0.328726,0.292245,0.443346,-0.426355,-1.250792,0.294836,2.651082,-0.309806,-0.099698,-0.808181413961761,0
-10.363049,4.543672,-9.795898,5.508003,-6.037156,-0.133493,-11.724346,-3.198346,-4.767842,-9.332128,5.224124,-7.743122,-1.560343,-7.140418,1.185978,-6.598704,-12.120539,-3.904092,2.51343,0.924396,-2.457145,1.687257,0.977178,-0.543369,-0.289125,-0.107586,0.330642,0.163577,-0.999110715873722,1
0.206075,1.38736,-1.045287,4.228686,-1.647549,-0.180897,-2.943678,0.859156,-1.181743,-3.096504,3.200912,-2.450832,0.31662,-6.39717,-2.129728,-2.427373,-4.448472,-1.21222,0.034655,0.351484,0.469199,0.34493,-0.203799,0.37664,0.715485,0.226003,0.628545,0.319918,-0.999324144064028,1
-20.906908,9.843153,-19.947726,6.155789,-15.142013,-2.239566,-21.234463,1.151795,-8.73967,-18.271168,4.677349,-9.583566,1.035166,-8.19969,-0.326519,-8.376439,-18.48546,-7.589974,1.12664,0.396655,-1.977196,0.652932,-0.519777,0.541702,-0.053861,0.112671,-3.765371,-1.071238,-0.999110715873722,1
1.234235,3.01974,-4.304597,4.732795,3.624201,-1.357746,1.713445,-0.496358,-1.282858,-2.447469,2.101344,-4.609628,1.464378,-6.079337,-0.339237,2.581851,6.739384,3.042493,-2.721853,0.009061,-0.379068,-0.704181,-0.656805,-1.632653,1.488901,0.566797,-0.010016,0.146793,-0.999110715873722,1
0.016828,2.400826,-4.22036,3.462217,-0.624142,-1.294303,-2.986028,0.751883,-1.606672,-5.974925,3.264922,-5.095032,0.307808,-10.018106,0.273283,-3.562534,-4.377106,-1.792635,0.080281,0.590418,0.285832,-0.771508,-0.2652,-0.873077,0.939776,-0.219085,0.874494,0.470434,-0.999110715873722,1
-15.271362,8.326581,-22.338591,11.885313,-8.721334,-2.324307,-16.196419,0.512882,-6.333685,-13.175198,9.93982,-14.225456,0.716034,-14.004776,-0.329448,-8.059419,-12.122009,-4.79971,0.686227,0.993121,-2.356896,1.068019,1.085617,-1.039797,-0.182006,0.649921,2.149247,-1.406811,-0.999110715873722,1
-1.212682,-2.484824,-6.397186,3.670562,-0.863375,-1.855855,1.017732,-0.544704,-1.703378,-3.739659,1.738124,-2.844449,0.765864,-4.799737,-0.011335,-2.693168,-3.166955,-1.0678,-0.559132,2.908374,1.396872,0.092073,-1.492882,-0.204227,0.532511,-0.293871,0.212663,0.431095,0.187194308581592,1
-13.192671,12.785971,-9.90665,3.320337,-4.801176,5.760059,-18.750889,-37.353443,-0.39154,-5.052502,4.406806,-4.610756,-1.909488,-9.072711,-0.226074,-6.211557,-6.248145,-3.149247,0.051576,-3.49305,27.202839,-8.887017,5.303607,-0.639435,0.263203,-0.108877,1.269566,0.939407,-0.999110715873722,1
-13.192671,12.785971,-9.90665,3.320337,-4.801176,5.760059,-18.750889,-37.353443,-0.39154,-5.052502,4.406806,-4.610756,-1.909488,-9.072711,-0.226074,-6.211557,-6.248145,-3.149247,0.051576,-3.49305,27.202839,-8.887017,5.303607,-0.639435,0.263203,-0.108877,1.269566,0.939407,-0.999110715873722,1
-6.003422,-3.930731,-0.007045,1.714669,3.414667,-2.329583,-1.901512,-2.746111,0.887673,-0.049233,-0.153131,-0.81431,-1.894796,-0.831483,1.387289,1.188907,0.536817,-0.051403,-1.231386,-4.128186,1.101671,-0.992494,-0.698259,0.139898,-0.205151,-0.472412,1.775378,-0.104285,-0.722623388172521,1
0.857321,4.093912,-7.423894,7.380245,0.973366,-2.730762,-1.496497,0.543015,-2.35119,-3.944238,6.355078,-7.309748,0.748451,-9.057993,-0.648945,-1.073117,1.524501,1.831364,-0.089724,0.483303,0.375026,0.1454,0.240603,-0.234649,-1.004881,0.435832,0.618324,0.148469,-0.999110715873722,1
-0.549615,2.219075,-3.522024,0.236995,1.087469,-1.23553,-0.279313,0.514361,-1.849927,-3.443819,2.214,-1.689836,0.498438,-4.393634,-1.270841,-1.176629,-1.859739,-0.049419,0.385263,0.126518,0.36413,0.210428,-0.366019,0.015803,0.349212,0.647302,0.171929,0.117188,-0.999324144064028,1
-5.766879,-8.402154,0.056543,6.950983,9.880564,-5.773192,-5.748879,0.721743,-1.076274,2.68867,-1.475145,-0.050468,0.1135,0.984344,0.363969,-0.674357,0.327464,0.09147,1.307941,2.493224,0.880395,-0.130436,2.241471,0.665346,-1.890041,-0.120803,0.073269,0.583799,-1,1
-3.843009,3.37511,-5.492893,6.136378,2.797195,-2.646162,-1.668931,-2.617552,-3.945843,-4.565252,4.097216,-5.450916,-0.965693,-10.904459,0.526948,-1.139754,0.83564,0.389774,-1.439608,0.054796,-1.277812,0.719652,0.451125,-0.258094,0.656129,0.556676,0.739383,-0.20305,-0.999110715873722,1
-12.833631,7.50879,-20.491952,7.46578,-11.575304,-5.140999,-14.020564,8.33212,-4.337713,-15.563791,7.61082,-15.592323,0.504789,-13.247889,-0.796526,-10.342328,-16.044524,-5.882136,1.573698,-1.378923,2.966842,0.615344,-0.766495,0.431261,-0.104975,-0.010091,-2.400811,-0.720557,-0.907487772343264,1
-17.976266,12.864989,-19.575066,11.34512,-13.998646,-0.3549,-23.78347,-4.872353,-8.504285,-16.601197,5.569258,-13.932249,-0.204855,-7.581023,-1.013612,-9.014813,-16.092032,-6.050148,1.661029,2.419921,-4.300432,2.865772,1.489302,0.386039,-0.232392,0.413827,-3.255981,-0.538963,-0.992316585148955,1
-17.275191,10.819665,-20.363886,6.046612,-13.465033,-4.166647,-14.409448,11.580797,-4.073856,-9.153368,6.210883,-8.778572,-0.061367,-9.574662,0.049289,-7.418487,-14.102772,-5.016423,1.390314,1.54497,1.729804,-1.208096,-0.726839,0.11254,1.119193,-0.233189,1.684063,0.50374,-0.911080480213428,1
0.202402,1.17627,0.346379,2.882138,1.407133,-0.504355,1.438537,-0.395603,-1.555142,1.081514,-1.514205,-0.973764,-0.709928,0.141332,-1.470314,0.418268,-0.828193,-0.302239,-1.76235,-0.206239,0.24256,0.84123,-0.370157,-0.026012,0.491954,0.234576,-0.279788,-0.331933,-0.993250333481547,1
-2.296987,4.064043,-5.957706,4.680008,-2.080938,-1.463272,-4.490847,1.029246,-1.593249,-8.993811,7.864467,-10.64984,1.826591,-12.913632,-0.76633,-7.954098,-7.809635,-1.718511,3.832985,1.264954,1.089084,0.975398,-0.62553,-0.535181,0.247435,0.1604,0.969582,0.335041,-0.907514450867052,1
0.539276,1.55489,-2.06618,3.241617,0.184736,0.02833,-1.515521,0.537035,-1.999846,-2.133176,2.756172,-2.242864,0.615204,-4.652804,0.222164,-0.775666,-3.218618,-0.370993,-0.686197,0.302735,0.371773,0.111955,-0.305225,-1.053835,0.771175,0.240878,0.418435,0.23217,-0.983085815918186,1
-9.848776,7.365546,-12.898538,4.273323,-7.611991,-3.427045,-8.350808,6.863604,-2.387567,-6.065782,2.707856,-6.136034,-0.545976,-7.02898,0.916069,-4.092884,-7.014622,-2.530967,0.554027,0.832398,0.931958,-0.874467,-0.192639,-0.035426,0.538665,-0.263934,1.134095,0.225973,-0.911080480213428,1
-10.850282,6.727466,-16.760583,8.425832,-10.252697,-4.192171,-14.077086,7.168288,-3.683242,-15.239962,8.030708,-16.060306,0.27053,-14.952981,-0.241095,-11.866731,-15.48699,-5.748652,4.130031,-0.646818,2.541637,0.135535,-1.023967,0.406265,0.106593,-0.026232,-1.46463,-0.411682,-0.930635838150289,1
-2.877176,4.569649,-9.553069,4.441079,-3.653961,-1.877981,-3.514353,1.547608,-2.503304,-7.575634,7.002136,-9.959194,2.122072,-8.884872,-1.644857,-7.189926,-10.445105,-3.271908,1.482277,0.105615,1.272896,1.300268,-0.00395,-0.360848,-0.597526,-0.390901,0.592197,-0.24101,-0.691471765228991,1
-12.339603,4.488267,-16.587073,10.107274,-10.420199,0.13067,-15.600323,-1.157696,-5.304631,-12.938929,8.805682,-13.55613,1.165464,-9.809882,0.369987,-9.50521,-17.54203,-6.792638,2.069377,-0.085501,-2.08961,1.745315,1.376816,-0.554271,-1.610741,0.153725,1.212477,-1.86929,-0.832120942641174,1
-3.859881,2.632881,-5.264265,3.446113,-0.675231,-1.904959,-3.291041,-0.985766,-1.168114,-3.936294,4.256564,-6.600654,0.005626,-9.958531,2.471358,-5.700141,-6.388093,-1.838159,2.993174,-0.178626,1.664119,0.785075,0.068412,0.778961,-0.863166,-0.00681,-1.065734,1.773326,-0.998950644730992,1
-2.921944,-0.228062,-5.877289,2.201884,-1.93544,0.631141,-1.245106,1.511348,-1.899987,-6.428231,4.229154,-5.292314,-0.888087,-7.67225,0.547571,-4.30706,-5.701174,-1.772803,-0.193132,2.230735,1.441622,0.895528,1.385511,-2.028024,0.509131,0.172643,0.726781,0.234514,-0.356860827034237,1
-2.169929,3.639654,-4.508498,2.730668,-2.122693,-2.341017,-4.235253,1.703538,-1.305279,-6.71672,6.353612,-8.601648,0.44993,-7.506169,-0.438082,-3.694516,-6.304753,-1.267587,0.357987,0.500779,0.645103,-0.503529,-0.000523,0.071696,0.092007,0.308498,0.552591,0.298954,-0.999110715873722,1
-3.891192,7.098916,-11.426467,8.607557,-2.065706,-2.985288,-8.138589,2.973928,-6.27279,-13.193415,11.619723,-17.631606,-0.355194,-18.822087,-1.283129,-10.031097,-15.227008,-5.322009,-0.501751,1.382619,1.757085,-0.189709,-0.508629,-1.189308,1.188536,0.605242,1.881529,0.87526,-0.999110715873722,1
-1.370976,-0.025465,-2.774907,2.65053,4.511309,-3.289344,-0.118841,-0.014279,-0.932773,-2.637442,2.858777,-0.55318,-0.758492,-6.455029,-0.154021,1.323833,5.580209,3.293688,-0.137694,0.701292,-0.048061,-0.59935,0.072193,-0.600351,0.371331,-0.370951,0.01197,0.145895,-0.999110715873722,1
-0.481531,1.059542,0.647117,0.905586,0.819368,-0.091184,0.504135,0.161064,-0.765054,-0.550545,1.480286,-0.105359,-0.804841,-0.819902,0.916882,0.201151,0.874891,0.941477,0.272698,-0.042515,0.070633,0.192491,-0.174659,-0.438908,0.239259,-0.217823,-0.072852,0.010463,-0.999110715873722,1
-1.739341,1.344521,-0.534379,3.195291,-0.416196,-1.261961,-2.340991,0.713004,-1.416265,-2.996669,0.747478,-4.596612,-1.92776,-4.757074,-1.247815,-2.535494,-5.356465,-1.974749,-0.603726,0.002749,0.38318,-0.213952,-0.33664,0.237076,0.246003,-0.044228,0.510729,0.220952,-1,1
0.909124,1.337658,-4.484728,3.245358,-0.417809,-0.762119,-2.506349,0.694164,-0.467556,-4.56526,3.612645,-3.171937,-0.400046,-8.569454,-1.614831,-2.388208,-2.577464,0.092679,0.098242,0.445573,0.586829,0.594078,-0.25212,0.325439,0.562766,-0.256278,0.652674,0.319879,-0.9396176078257,1
-1.929597,4.066413,-4.865184,5.898602,-0.552493,-1.555962,-3.833623,0.679512,-3.463765,-6.683689,7.021278,-11.102493,1.711755,-10.447633,-2.799076,-6.261741,-11.647158,-3.451436,-0.507537,0.942489,1.137212,0.674245,-0.531765,-0.433409,0.378659,0.198107,0.869694,0.228048,-1,1
-2.729482,3.312495,-4.24271,5.036985,-0.376561,-1.532462,-3.449159,1.856839,-3.623334,-5.653638,3.942316,-5.883724,-1.347814,-9.26612,-2.459556,-2.205644,-5.709087,-1.113937,-1.55653,0.164288,0.727415,-0.301432,-0.502433,-0.462309,0.510683,0.046665,0.514646,0.140999,-0.999110715873722,1
-7.030308,3.421991,-9.525072,5.270891,-4.02463,-2.865682,-6.989195,3.791551,-4.62273,-8.409665,6.309044,-8.576761,0.246747,-11.534046,-0.364265,-5.452495,-11.88757,-3.563585,0.876019,0.545698,1.103398,-0.541855,0.036943,-0.355519,0.353634,1.042458,1.359516,-0.272188,-1,1
-2.326922,-3.348439,-3.513408,3.17506,-2.815137,-0.203363,-0.892144,0.333226,-0.802005,-4.350685,3.064246,-2.718731,0.068788,-5.586873,-0.966076,-2.502049,-4.460495,-0.870526,0.595629,3.209171,1.226648,-0.695902,-1.47849,-0.061553,0.236155,0.531911,0.302324,0.536375,0.235713650511338,1
-2.139051,1.394368,-0.612035,1.049327,-1.162102,-0.768219,-1.997237,0.574997,-0.980832,-2.495619,2.555589,-3.530436,-1.016234,-3.455197,-0.056363,-2.467737,-7.140326,-1.27128,-0.001722,0.025427,0.696955,0.740003,-0.155115,-0.050607,0.268368,-0.469433,-0.405814,-0.152171,-0.982454424188528,1
-0.860827,3.13179,-5.052968,5.420941,-2.494141,-1.811287,-5.479117,1.189472,-3.908206,-7.060746,4.729974,-8.629054,1.178798,-11.182063,0.445243,-6.532982,-13.389251,-4.480413,0.432054,1.08576,1.192694,0.090356,-0.341881,-0.215924,1.053032,0.271139,1.3733,0.691195,-0.983085815918186,1
-4.617217,1.695694,-3.114372,4.328199,-1.873257,-0.989908,-4.577265,0.472216,0.472017,-5.576023,4.802323,-10.833164,0.104304,-9.405423,-0.807478,-7.552342,-9.802562,-4.120629,1.740507,-0.039046,0.48183,0.146023,0.117039,-0.217565,-0.138776,-0.424453,-1.002041,0.89078,-0.999021787461094,1
-1.07382,0.415616,-2.273977,1.536844,-0.758697,-1.670381,-2.37714,0.09037,0.004847,-2.776747,1.428413,-4.482679,-0.709519,-4.610138,0.621338,-4.602713,-7.524188,-2.557104,1.319124,0.227051,0.535542,0.863592,0.450743,-0.144228,-0.205609,-0.539073,0.503418,-0.237807,-0.990217874610938,1
-1.519244,2.308492,-1.503599,2.064101,-1.000845,-1.016897,-2.059731,-0.275166,-1.562206,-2.755797,3.438248,-3.521529,-0.918761,-4.4521,0.499314,-2.907903,-5.248646,-0.936815,1.16012,0.175019,1.307871,0.102826,-0.017746,0.149696,-0.096602,-0.369115,-0.019244,-0.208319,-0.999110715873722,1
-2.042608,1.573578,-2.372652,-0.572676,-2.097353,-0.174142,-3.03952,-1.634233,-0.594809,-5.459602,2.378537,-2.330271,-0.246233,-4.058523,-0.316983,-2.522661,-5.6034,-0.77844,0.860212,0.825566,-0.723326,0.501222,-0.696892,-0.600514,0.127547,-0.786072,0.606097,0.171697,-0.76712316585149,1
-15.819179,8.775997,-22.804686,11.864868,-9.092361,-2.386893,-16.560368,0.948349,-6.310658,-13.088891,9.815703,-14.056061,0.777192,-13.761018,-0.353636,-7.957447,-11.962954,-4.780508,0.652498,0.992279,-2.350634,1.036362,1.136051,-1.043414,-0.108923,0.657437,2.136424,-1.411945,-0.999110715873722,1
-6.618211,3.835943,-6.316453,1.844111,-2.476892,-1.886718,-3.817495,0.61347,-1.482121,-4.868747,3.359722,-5.969162,0.05119,-8.724496,0.776391,-3.939384,-7.16443,-2.434672,0.235227,-0.953827,1.636622,0.038727,0.278218,0.78667,0.063895,0.154707,-2.042403,1.405141,-0.948661627389951,1
-0.679521,4.672553,-6.814798,7.1435,0.928654,-1.873013,-2.306689,0.993702,-4.944054,-5.576419,5.783654,-6.117704,0.614165,-12.451499,0.427152,-2.255854,-2.128027,0.706765,1.093826,0.872006,0.566849,-0.321691,-0.281325,-1.120256,-0.073394,0.55353,0.760542,0.386742,-0.999315251222766,1
-0.075483,1.812355,-2.566981,4.127549,-1.628532,-0.805895,-3.390135,1.019353,-2.451251,-3.555835,4.315711,-5.479802,-2.115503,-5.588786,0.280108,-3.507231,-7.457095,-2.325492,-0.440435,0.338598,0.794372,0.270471,-0.143624,0.013566,0.634203,0.213693,0.773625,0.387434,-0.995553579368608,1
-6.159607,1.468713,-6.850888,5.174706,-2.986704,-1.795054,-6.545072,2.621236,-3.60587,-8.122161,6.029033,-9.225855,-1.546759,-10.309334,0.308062,-7.787326,-12.822177,-4.367677,2.643984,-0.28983,1.061314,0.125737,0.589592,-0.568731,0.582825,-0.042583,0.95113,0.158996,-0.999261894175189,1
2.132386,0.705608,-3.530759,0.514779,1.527175,-1.716268,1.132791,-0.574214,0.128904,-1.000805,-0.191191,-0.323794,-0.572456,-1.422064,0.314684,-0.387162,1.734742,0.610976,-0.221267,-0.211167,0.163739,0.70391,-0.245076,0.460049,0.920281,-0.216586,-0.026219,-0.025001,-0.999110715873722,1
-0.082983,-3.935919,-2.616709,0.16331,-1.400952,-0.809419,1.50158,-0.471,1.519743,-1.134454,0.713878,0.979675,-1.339031,0.984993,-0.382471,-0.934616,-0.052419,0.511162,0.731999,1.878612,0.702672,-0.182305,-0.921017,0.111635,-0.071622,-1.125881,-0.170947,0.126221,-0.0244642063139173,1
-13.192671,12.785971,-9.90665,3.320337,-4.801176,5.760059,-18.750889,-37.353443,-0.39154,-5.052502,4.406806,-4.610756,-1.909488,-9.072711,-0.226074,-6.211557,-6.248145,-3.149247,0.051576,-3.49305,27.202839,-8.887017,5.303607,-0.639435,0.263203,-0.108877,1.269566,0.939407,-0.999110715873722,1
-1.554216,1.694229,-0.903334,2.425436,-2.899787,0.133028,-0.286226,0.555945,-1.394918,-2.892612,1.962236,-2.385263,0.458337,-3.724543,1.843978,-2.013924,-2.8156,-1.09229,0.139687,-0.032334,0.493436,0.733393,0.20235,0.492054,-0.183791,-0.199917,0.395201,0.027693,-0.679857714539795,1
1.023874,2.001485,-4.769752,3.819195,-1.271754,-1.734662,-3.059245,0.889805,0.415382,-3.955812,3.572055,-7.186452,0.147242,-5.249305,1.678334,-2.641473,-1.312059,-0.391716,1.118264,0.204138,0.343283,-0.054196,0.709654,-0.372216,-2.032068,0.366778,0.395171,0.020206,-0.999110715873722,1
-0.114361,1.036129,1.984405,3.128243,-0.740344,1.548619,-1.701284,-2.203842,-1.242265,0.269562,1.293418,0.933216,-0.135326,0.521484,0.386884,0.059869,0.306339,0.265052,0.223718,0.732852,-1.032935,1.196428,-0.112857,0.254719,0.696668,0.48237,0.129969,0.223924,-0.999822143174744,1
-2.30335,1.759247,-0.359745,2.330243,-0.821628,-0.075788,0.56232,-0.399147,-0.238253,-1.525412,2.032912,-6.560124,0.022937,-1.470102,-0.698826,-2.282194,-4.781831,-2.615665,-1.334441,-0.430022,-0.294166,-0.932391,0.172726,-0.08733,-0.156114,-0.542628,0.039566,-0.153029,-0.786634059582036,1
-10.30082,6.483095,-15.076363,6.554191,-8.880252,-4.471672,-14.900689,3.84017,-4.358441,-14.533162,7.588741,-15.835719,0.135035,-11.567006,-0.077027,-11.46743,-19.172996,-6.969856,2.211756,0.113244,1.508748,1.041642,-0.68279,0.573544,-1.602389,-0.393521,-0.468893,0.10592,-0.999110715873722,1
-29.200329,16.155701,-30.013712,6.476731,-21.22581,-4.902997,-19.791248,19.168327,-3.617242,-7.870122,4.066255,-5.661492,1.29295,-5.079846,-0.126523,-5.244472,-11.274973,-4.678437,0.650807,1.715862,1.809371,-2.175815,-1.365104,0.174286,2.103868,-0.209944,1.278681,0.372393,-0.911080480213428,1
-3.215382,-0.364223,-1.261883,3.794949,0.711206,-1.316476,-5.165141,0.625278,-1.582301,-3.252634,5.040751,-5.314442,-0.656471,-6.233044,0.974771,-6.890318,-9.516411,-4.364128,2.598578,0.019626,0.401341,0.152191,-0.934675,-0.256148,-0.469403,-0.282496,0.866077,-0.433466,-0.994744330813695,1
-2.271755,-0.457655,-2.589055,2.230778,-4.278983,0.38861,0.102485,0.813128,-1.092921,-5.032028,3.510348,-2.227398,0.656824,-5.199186,-0.128311,-3.943521,-3.820522,-0.570821,2.783383,2.285758,1.096342,0.658399,1.711676,0.33354,0.538591,-0.193529,0.258194,0.247269,-0.266491774121832,1
-3.586964,2.609127,-5.568577,3.631947,-4.54359,-0.157899,-4.089128,2.417305,-3.239901,-5.822449,3.369186,-5.691926,0.287371,-5.413787,-0.55555,-5.863662,-11.143241,-3.48094,2.794333,-0.178534,1.024423,0.428756,0.182032,-0.534598,0.168933,-0.149844,0.685517,-0.299728,-0.723948421520676,1
-1.548788,1.808698,-0.953509,2.213085,-2.015728,-0.913457,-2.356013,1.197169,-1.678374,-3.53865,3.10209,-3.993373,-1.937411,-3.822894,0.83097,-2.475359,-5.211875,-0.413872,0.933262,0.390786,0.855138,0.774745,0.059037,0.3432,-0.468938,-0.278338,0.625922,0.395573,-0.931578479324144,1
0.290155,0.049243,-0.740524,2.865463,1.395294,-0.535163,0.142543,-0.22277,-1.463691,1.713538,-1.127573,-0.708657,0.272186,0.27471,0.235192,-0.463553,0.472995,-0.447899,1.790924,0.24758,0.337349,1.018191,0.30355,0.833886,-1.222306,2.745261,-0.220402,0.168233,-0.993614939973322,1
1.159373,2.844795,-4.05068,4.777701,2.94898,-2.010361,1.744086,-0.410287,-2.450198,-2.042168,1.844093,-2.425933,-1.584275,-7.208312,0.459828,2.375296,6.44351,2.591846,-2.88977,-0.059264,-0.176541,-0.43347,-0.529323,-0.59702,1.335954,0.547092,0.009979,0.160769,-0.999110715873722,1
1.176716,0.557091,-0.4908,0.756424,0.249192,-0.781871,0.22875,-0.04084,-0.432111,-0.585778,2.281939,0.654567,-0.310379,-1.043705,0.51375,0.399178,1.14313,0.256014,-0.51121,-0.102772,-0.062166,-0.128168,-0.040176,0.11004,0.437891,0.368809,-0.018287,0.031173,-0.999324144064028,1
-1.410852,2.268271,-2.297554,1.871331,0.248957,-1.208799,-1.358648,1.102916,-1.317364,-4.626919,3.35764,-2.998815,-1.956786,-6.766633,-0.8699,-0.868577,-0.370333,0.419266,-0.894894,0.058063,0.155381,-0.61488,-0.196126,-0.464376,0.118473,-0.484537,0.373596,0.187657,-0.999110715873722,1
0.754316,2.379822,-5.137274,3.818392,0.043203,-1.285451,-1.766684,0.756711,-1.765722,-3.263007,3.592797,-2.772349,-0.074534,-6.281094,0.165978,-2.679171,-1.385557,0.249057,2.353453,0.369663,0.397058,0.141165,0.171985,0.394274,-0.444642,-0.263189,0.304703,-0.044362,-0.998221431747443,1
-4.064005,3.100935,-1.188498,3.264633,-1.903562,0.320351,-0.95494,-3.277535,2.820829,1.015113,3.187187,-7.004327,0.872711,-6.220605,-0.904445,-3.075092,-5.044736,-1.718083,-0.662462,-0.531898,1.688665,-0.078845,0.193731,0.479496,-0.506603,-0.409863,-3.036271,-0.630605,-0.840231213872832,1
-2.628922,2.275636,-3.745369,1.226948,-1.132966,-1.256353,-1.75242,0.281736,-1.792343,-4.820779,4.176098,-4.61901,0.74269,-7.636963,-0.197888,-4.140396,-7.604715,-1.524505,1.271322,0.133106,0.87073,1.269473,-0.265494,-0.480549,0.169665,0.096081,0.070036,0.063768,-0.871391729657626,1
-16.917468,9.6699,-23.736443,11.82499,-9.830548,-2.514829,-17.290657,1.820408,-6.264903,-12.916636,9.56711,-13.717067,0.899541,-13.272965,-0.40226,-7.754094,-11.644603,-4.741303,0.584626,0.996745,-2.336111,0.972755,1.241866,-1.051086,0.038009,0.672317,2.108471,-1.421243,-0.999110715873722,1
1.140865,1.221317,-1.452955,2.067575,0.854742,-0.981223,0.325714,-0.037721,0.113219,-2.126973,0.915947,-0.468572,-0.523377,-4.861867,0.421013,0.866441,4.082485,1.196318,-1.100764,-0.067712,-0.377597,-0.79346,-0.132333,-0.331586,0.664878,-0.309312,0.099942,0.122988,-0.999110715873722,1
-7.503926,-0.360628,-3.830952,2.486103,2.497367,1.332437,-6.783964,-15.415385,0.465512,-0.394381,1.054107,0.974059,-1.453668,-1.42562,0.577662,0.836808,2.84495,1.61351,2.548313,-0.475126,-6.389132,2.249964,1.670508,0.14045,0.162147,1.207731,1.268958,0.097538,-0.989052912405514,1
-2.589617,7.016714,-13.705407,10.343228,-2.954461,-3.055116,-9.301289,3.349573,-5.654212,-11.853867,11.669205,-17.228662,0.055572,-18.493773,-0.304172,-10.629497,-14.441211,-5.105486,1.270226,1.488855,1.887738,0.333998,0.287659,-1.186406,-0.690273,0.631704,1.934221,0.789687,-0.999110715873722,1
-1.000611,3.34685,-5.534491,6.835802,-0.299803,0.095951,-2.440419,1.286301,-2.766438,-4.458008,4.696533,-8.762113,0.985827,-7.320272,-1.06384,-3.371125,-4.251158,-0.430057,1.804013,1.189814,0.439757,-0.694099,0.29966,-0.657601,0.101648,0.430457,0.824685,0.326952,-0.834477545575811,1
-19.179826,11.817922,-21.919174,6.086236,-14.708845,-4.308888,-15.357952,12.857165,-3.999861,-8.928656,5.849293,-8.26165,0.153829,-8.829359,0.008879,-7.070953,-13.629721,-4.95883,1.272091,1.57295,1.746802,-1.353149,-0.762965,0.117028,1.297994,-0.224825,1.621052,0.484614,-0.911080480213428,1
-5.622469,3.480623,-6.200677,4.311234,-5.226286,-1.341764,-5.220941,2.682844,-2.921484,-6.561257,3.211264,-6.861661,0.326462,-7.755254,0.504652,-6.276617,-10.611715,-4.146774,2.197288,-0.156289,0.949569,-0.428986,-0.350675,0.19755,0.159234,-0.377791,-0.213562,0.459529,-0.80453534904402,1
0.630579,1.183631,-5.066283,2.179903,-0.703376,-0.103614,-3.49035,1.094734,-0.717418,-5.179935,2.867028,-5.259996,-1.277151,-6.989272,0.69001,-5.496188,-5.995337,-3.990515,-0.1672,0.357369,0.621622,0.043807,0.102711,-0.601505,0.127371,-0.163009,0.853792,0.356503,-0.964917741218319,1
1.204934,3.23807,-6.010324,5.720847,1.5484,-2.321064,-0.78188,0.076619,-2.976249,-4.070257,3.394152,-4.547742,-0.063634,-10.516465,0.053267,0.20408,0.462929,0.841169,-2.221384,0.338161,0.098341,-0.845866,-0.031228,0.421146,0.388361,0.056035,0.491828,0.340847,-1,1
-1.309441,1.786495,-1.37107,1.214335,-0.336642,-1.39012,-1.709109,0.667748,-1.699809,-3.843911,2.962599,-3.956045,-1.539232,-4.634631,-0.248403,-2.058551,-5.635494,-0.775271,-0.23931,0.253464,0.533521,-0.02218,-0.299556,-0.226416,0.36436,-0.475102,0.571426,0.293426,-0.999110715873722,1
0.711155,2.617105,-4.722363,5.84297,-0.600179,-1.646313,-2.785198,0.540368,-3.044029,-3.92651,2.757837,-5.437354,0.546879,-8.396573,-0.810716,-3.014294,-6.642482,-2.584028,-0.820354,0.461032,0.360501,-0.865526,0.139978,-0.336238,0.128449,-0.155646,0.79946,0.39217,-0.996531791907514,1
-3.113832,0.585864,-5.39973,1.817092,-0.840618,-2.943548,-2.208002,1.058733,-1.632333,-5.245984,1.93352,-5.030465,-1.127455,-6.416628,0.141237,-2.549498,-4.614717,-1.478138,-0.03548,0.306271,0.583276,-0.269209,-0.456108,-0.183659,-0.328168,0.606116,0.884876,-0.2537,-0.782125389061805,1
1.862102,-0.124052,-1.989752,0.382609,0.473032,-0.674517,0.298621,-0.282416,0.802053,-0.989431,-0.491112,0.903819,1.366524,-1.886162,-0.194861,0.086837,0.978546,0.055604,0.189131,0.150727,-0.204158,-0.511441,0.077874,0.388335,0.007896,-0.12098,-0.019579,0.006155,-0.903503779457537,1
-9.001351,6.613284,-12.423635,7.519929,-10.266255,-2.113208,-9.984287,5.541941,-7.383705,-13.215172,6.895181,-13.2797,0.755264,-13.417012,-0.210774,-10.922655,-21.906493,-8.82982,1.852467,-0.645394,1.775891,-1.224758,0.082594,0.452089,0.463827,-0.296928,0.526506,-0.45089,-0.5917563361494,1
-3.36777,0.099249,-6.148487,3.401955,0.458307,-1.57163,-1.358708,0.672409,-3.188001,-4.937427,3.723933,-4.603176,1.01918,-6.61909,-0.590224,-4.472548,-7.165044,-1.581128,1.93038,0.264699,0.861308,1.249301,1.850627,-0.117471,1.219815,0.000251,1.036011,0.004367,-0.715420186749667,1
1.894036,1.905806,-3.51573,4.508913,2.044466,-1.420468,1.05748,-0.281157,-1.832604,-0.628463,2.220795,-0.741088,-0.763719,-4.942612,-1.378291,2.244216,3.702065,2.256812,-1.95006,-0.160163,-0.144713,-0.310108,-0.10153,-0.41496,0.376597,0.150778,-0.013712,0.048084,-0.998025789239662,1
0.288029,0.965681,-1.459495,1.921863,-1.912414,-1.130282,-2.814263,0.648663,-0.695263,-3.465689,2.351619,-3.826705,-0.76757,-4.852867,1.664863,-2.617361,-4.835558,-1.921752,-0.385884,0.330917,0.603127,0.38069,-0.064125,0.27138,0.33722,0.626156,0.565125,0.305925,-0.979226322810138,1
-5.268053,9.067613,-15.960728,10.296603,-4.708241,-3.395375,-11.161057,5.499963,-5.667376,-11.627194,11.027059,-16.388054,0.363921,-17.230202,-0.437488,-10.122392,-13.639209,-4.986457,1.126784,1.455878,2.00411,0.191058,0.622928,-1.209264,-0.374799,0.648798,1.584697,0.720056,-0.999110715873722,1
1.954852,1.630056,-4.3372,2.378367,2.113348,-1.583851,0.653745,-0.192892,1.217608,-2.829098,3.504568,-3.9182,-1.015792,-4.704509,-0.968553,1.854772,6.024397,3.53125,-1.196285,-0.23064,-0.474437,-0.974625,-0.048155,-0.023524,0.362192,-0.570709,0.025619,0.08188,-0.999110715873722,1
-30.55238,16.713389,-31.103685,6.534984,-22.105532,-4.977692,-20.371514,20.007208,-3.565738,-7.731071,3.829427,-5.314332,1.44693,-4.579264,-0.142299,-4.997848,-10.96141,-4.641482,0.567056,1.733644,1.81652,-2.288686,-1.460544,0.183179,2.208209,-0.208824,1.232636,0.35666,-0.911080480213428,1
-1.522305,1.505152,0.372364,2.286869,-0.526519,0.998593,-1.087556,-0.027248,-0.533001,0.169573,2.790396,-2.316952,-0.782532,-3.431738,-0.527702,-3.293558,-3.901499,-2.52544,0.795144,0.412801,0.332216,0.493981,-0.080198,-0.253327,-0.4778,0.99174,-0.952554,-0.390364,-0.98306803023566,1
0.232512,0.938944,-4.64778,3.079844,-1.902655,-1.041408,-1.020407,0.547069,-1.10599,-3.520128,2.074116,-3.010772,0.694978,-5.387831,1.77867,-2.935804,-2.285573,-0.237056,1.979747,1.141615,0.911373,1.042929,0.999394,0.90126,-0.452093,0.192959,0.180859,-0.029315,-0.693196976433971,1
1.261324,2.7268,-5.435019,5.342759,1.447043,-1.442584,-0.898702,0.123062,-2.748496,-3.202436,1.991361,-3.986416,0.577207,-8.485795,-0.794782,-0.666134,-1.372629,-0.104313,-1.466911,0.313332,0.209086,-0.425938,-0.15444,-0.01882,0.632234,0.192922,0.468181,0.280486,-0.998586038239217,1
-22.341889,15.536133,-22.865229,7.043374,-14.183129,-0.463145,-28.215112,-14.607791,-9.481456,-20.949192,4.739582,-11.924955,-1.501411,-3.836781,-2.720329,-8.880106,-15.825136,-6.750425,-0.129188,4.100019,-9.110423,4.158895,1.412928,0.382801,0.447154,-0.632816,-4.380154,-0.467863,-0.999110715873722,1
-3.552173,5.426461,-3.73181,6.679062,-2.187543,2.43394,-8.74811,-12.108284,-2.856359,-5.665862,2.540836,-6.147054,1.796891,-4.328989,-0.150037,-1.839005,-3.354638,-0.282307,0.148592,3.792667,-5.68899,2.51098,0.953933,-0.542506,-0.620152,0.406013,0.023025,0.164741,-0.97012894619831,1
1.193916,-0.571085,0.742522,-0.014588,-0.624561,0.832162,-0.83335,0.272897,1.169425,-0.371672,-0.245677,1.375941,0.870457,-0.819319,-1.550904,0.125853,-0.397246,0.272377,1.226022,0.062908,-0.049502,0.207265,-0.265272,-0.679294,0.511812,1.246604,-0.028671,-0.006112,-0.971622943530458,1
-1.374424,2.793185,-4.346572,2.400731,-1.688433,0.111136,-0.922038,-2.14993,-2.027474,-4.390842,1.241958,-3.910522,-1.225636,-4.697997,0.676108,-2.077066,-2.683521,-0.525949,0.422342,0.650196,-0.870779,0.504849,0.137994,0.368275,0.103137,-0.414209,0.454982,0.096711,-0.689568697198755,1
-3.593476,0.781442,-1.822448,0.605761,-1.194656,-0.517195,-1.722523,0.12889,0.014963,-2.856117,1.618262,-3.581375,0.623707,-6.160457,0.494733,-2.543105,-5.301273,-2.192713,-0.094724,-0.478219,0.351792,0.391249,-0.252875,-0.498042,0.010172,0.909929,-1.478767,0.722673,-0.909737661182748,1
-0.639191,-0.085595,1.265452,1.401166,-0.260542,1.009795,1.301999,-0.135258,-0.431521,-0.091353,-0.921052,-0.613816,0.198913,0.016087,2.206264,-0.527141,-0.057279,0.448656,1.164435,0.861307,0.340331,0.76017,0.353377,-0.778893,-0.070681,-0.033355,-0.061962,-0.062687,-0.74194753223655,1
-5.961457,5.313382,-6.67432,6.028975,-1.38756,0.670638,-4.128987,-4.765894,-1.005259,0.453505,4.431736,-5.142737,-1.181692,-8.755449,1.004356,-2.065026,-3.261435,0.125223,0.936966,-1.116581,5.556642,-1.501808,1.355172,0.141093,0.077913,0.473988,0.287129,1.468653,-0.905833703868386,1
-0.440095,1.137239,-3.22708,3.242293,-2.033998,-1.618415,-3.028013,0.764555,-1.801937,-4.711769,4.663255,-5.171735,-1.62407,-6.713878,0.607986,-3.275207,-6.823831,-1.355309,0.291251,0.895841,0.764187,-0.275578,-0.343572,0.233085,0.606434,-0.315433,0.768291,0.459623,-0.797865718096932,1
-1.476893,2.122314,-1.22947,1.201849,-0.343264,-1.317704,-1.528142,-0.620953,-1.21304,-2.975267,3.53222,-3.68264,-1.154777,-5.165229,-0.240091,-2.404927,-5.671739,-0.994294,-0.289936,0.276893,1.186036,-0.040215,-0.23893,0.110144,0.045418,-0.569232,0.481019,-0.047555,-0.999110715873722,1
-1.348042,2.522821,-0.782432,4.083047,-0.66228,-0.598776,-1.943552,-0.329579,-1.853274,-3.162136,1.533194,-4.635127,-1.113573,-6.435871,-0.293192,-2.849931,-3.654258,-1.183034,0.831624,0.348896,1.079871,-0.352026,-0.218358,0.125866,-0.07418,0.179116,0.61258,0.234206,-0.999110715873722,1
-26.457745,16.497472,-30.177317,8.904157,-17.8926,-1.227904,-31.197329,-11.43892,-9.462573,-22.187089,4.419997,-10.592305,-0.703796,-3.926207,-2.400246,-6.80989,-12.462315,-5.501051,-0.56794,2.812241,-8.755698,3.460893,0.896538,0.254836,-0.738097,-0.966564,-7.263482,-1.324884,-0.999110715873722,1
-1.05384,4.362801,-6.023534,5.304534,1.480738,-2.193821,-1.530817,0.626857,-4.037021,-6.285424,3.536145,-7.959628,-1.673429,-12.457999,-0.213885,-1.424131,-3.243686,0.059956,-1.802332,0.531574,0.397954,-0.945402,-0.376138,-0.22048,0.264003,0.048935,0.84722,0.531932,-1,1
0.114965,0.766762,-0.494132,0.116772,0.868169,-0.477982,0.438496,0.063073,-0.186207,-0.159325,1.200304,0.281744,-0.623844,-0.658246,-0.155888,0.056227,0.653662,0.334655,1.028927,0.062199,-0.284413,-0.706865,0.131405,0.600742,-0.604264,0.262938,0.099145,0.01081,-0.99600711427301,1
0.467992,1.100118,-5.607145,2.204714,-0.578539,-0.1742,-3.454201,1.102823,-1.065016,-5.416037,4.497929,-5.01961,-1.019691,-7.914989,0.669648,-4.472014,-5.856998,-2.243178,-0.173814,0.589575,0.983481,0.899876,-0.285103,-1.929717,0.319869,0.170636,0.851798,0.372098,-0.892805691418408,1
-5.904921,4.439911,-8.631802,7.788684,-4.98958,-1.200144,-7.67406,4.125761,-5.315778,-4.891156,4.220419,-6.408301,1.328003,-5.853545,-0.928337,-7.085798,-12.623856,-4.745224,2.797892,-0.505608,1.77503,1.266441,-0.19941,0.01496,-1.9e-05,0.54421,-1.167566,-1.206354,-0.959528679413073,1
1.189784,0.942289,0.082334,3.02405,0.412406,-0.214415,0.053558,-0.110353,0.883798,-0.554224,0.154921,-2.776757,1.641207,-0.456077,-1.240414,0.857323,1.707024,0.526349,-0.865105,-0.143435,-0.502636,-1.047398,-0.056752,-0.340688,0.541235,-0.0983,-0.003041,0.049819,-0.996629613161405,1
-0.469327,1.111453,2.041003,1.731595,0.135147,-0.093625,0.266155,0.082988,0.580255,-0.164563,0.500376,-3.02176,0.924213,1.500794,-0.400283,0.706048,0.115114,-0.046796,-2.548522,-0.358709,0.159387,0.59267,-0.053596,0.320748,-0.369121,-0.136605,-0.100845,0.039347,-0.996505113383726,1
-7.222731,6.155773,-10.82646,4.180779,-6.123555,-3.114136,-6.895112,5.161516,-2.516477,-6.403371,3.186058,-6.855571,-0.837723,-8.036615,0.95697,-4.557193,-7.654704,-2.588419,0.718555,0.818859,0.9127,-0.630358,0.190887,-0.061263,0.379775,-0.266845,1.193695,0.257468,-0.911080480213428,1
-1.020632,1.496959,-4.490937,1.836727,0.627318,-2.735569,-1.546274,0.459822,-0.682741,-4.363102,4.287021,-5.403768,1.260262,-3.087743,-1.317488,-3.537056,-3.172028,-0.529885,1.011626,0.443489,0.773631,0.860618,-0.304666,-0.1555,0.412166,-0.22008,0.392338,-0.020089,-0.980400177856825,1
0.52382,1.531708,-4.17639,3.584615,-1.023954,-0.502471,-1.891966,0.878417,-1.541942,-2.649406,3.211634,-2.587499,0.257071,-4.683806,0.912637,-2.69579,-3.035166,0.096815,2.065692,0.621804,0.851859,1.176927,0.453553,0.485211,-0.500687,-0.108284,0.269477,-0.063245,-0.884206313917297,1
-0.613696,3.698772,-5.534941,5.620486,1.649263,-2.335145,-0.907188,0.706362,-3.747646,-4.230984,4.436319,-4.503801,-0.954361,-9.861372,-0.505329,0.269282,0.591319,1.795992,-1.085208,0.354773,0.319261,-0.471379,-0.07589,-0.667909,-0.642848,0.0706,0.48841,0.292345,-1,1
-2.756007,0.683821,-1.390169,1.501887,-1.165614,-0.131207,-1.478741,-0.246922,-0.100523,-2.30111,1.914454,-3.830998,0.719489,-6.35302,1.438716,-3.297239,-4.862971,-2.002354,1.545233,-0.106945,0.320474,0.611027,0.174864,-0.502151,-0.174713,1.179242,-1.166315,0.821215,-0.909737661182748,1
-3.975939,-1.244939,-3.707414,4.544772,4.050676,-3.407679,-5.063118,1.007042,-3.190158,-4.250717,4.182162,-4.563675,1.182503,-6.964972,1.11534,-4.997332,-6.419539,-1.183593,3.569733,2.109403,1.059737,-0.037395,0.348707,-0.162929,0.410531,-0.123612,0.877424,0.667568,-0.99261894175189,1
-3.15899,1.765452,-3.390168,0.98741,-1.50993,-1.280952,-2.719557,0.718325,-1.660183,-3.841098,3.282825,-3.906877,0.951368,-4.898183,-0.552,-4.787448,-9.334329,-2.580249,1.501573,-0.02259,1.120533,1.605085,-0.618637,-0.251283,-0.240528,-0.004327,-0.235477,0.018129,-0.925051133837261,1
-3.705856,4.107873,-3.803656,1.710314,-3.582466,1.469729,-9.62156,-11.913105,-0.322297,-6.625692,2.17523,-4.381078,2.063299,-0.673818,1.400763,-4.254927,-5.160213,-1.302526,2.594453,3.639603,-5.498772,2.941475,0.916236,-0.255504,-0.183835,-0.584539,-0.315484,-0.097223,-0.999110715873722,1
-0.251471,4.313523,-6.891438,6.796797,0.616297,-2.966327,-2.436653,0.489328,-3.371639,-6.810813,7.620089,-10.285283,-0.342444,-11.543498,-1.334988,-2.689284,-3.204383,0.086522,-1.314495,0.63271,0.536892,-0.546126,-0.60524,-0.263743,1.539916,0.523574,0.891025,0.572741,-0.999110715873722,1
-1.101035,-1.674928,-0.573388,5.617556,0.765556,0.440607,1.93474,-1.019788,-0.193244,1.783739,0.606911,-2.854275,2.379473,1.268147,-0.283619,-0.482192,0.811005,-0.357911,0.752761,-0.038314,-0.412526,-0.208823,0.344833,1.091435,-0.686513,0.075809,0.033865,-0.832855,-0.435215651400622,1
-2.044489,3.368306,-3.937111,5.62312,-3.079232,-1.253474,-5.77888,1.707428,-4.467103,-6.067798,3.839788,-8.277841,1.493915,-8.416681,0.792298,-7.862659,-14.570837,-5.185386,2.41439,1.112028,1.483594,0.834311,-0.148486,0.001669,-0.038996,0.389526,1.300236,0.54994,-0.993232547799022,1
-1.322789,1.552768,-2.276921,2.992117,-1.947064,-0.480288,-1.362388,0.953242,-2.329629,-3.393553,3.12844,-3.570394,-0.595198,-3.988415,0.995906,-2.843785,-4.826246,-0.703883,2.152215,0.988493,0.614969,-0.1952,0.590711,-0.233378,-0.164285,-0.277498,0.42861,0.246394,-0.759893285904847,1
-0.734303,0.435519,-0.530866,-0.47112,0.643214,0.713832,-1.234572,-2.551412,-2.057724,0.166831,0.567552,-0.85806,-0.448068,-0.264936,0.888863,0.838121,1.42506,-0.169664,2.502027,0.864536,-1.004877,1.150354,-0.152555,-1.386745,0.004716,0.219146,-0.058257,0.158048,-0.973365940417964,1
-8.257111,-4.814461,-5.365307,1.20423,-3.34742,-1.331601,-1.967893,1.295438,-1.674415,-3.426052,0.144563,-4.283529,-0.240895,-3.65749,0.923105,0.844221,-3.948312,-1.807516,0.105879,-1.233987,0.43639,-0.077553,-3.091624,-0.390201,-0.288689,-0.340004,0.039819,-1.0079,-0.716140506891952,1
-13.086519,7.352148,-18.256576,10.648505,-11.731476,-3.659167,-14.873658,8.810473,-5.418204,-13.202577,6.357227,-15.531611,0.659695,-11.41233,-2.447576,-9.833743,-18.174617,-7.269905,0.623797,-1.376298,2.761157,-0.266162,-0.412861,0.519952,-0.743909,-0.167808,-2.4983,-0.711066,-0.973045798132503,1
-4.153014,8.204797,-15.031714,10.3301,-3.994426,-3.250013,-10.415698,4.620804,-5.711248,-11.797181,11.277921,-16.728339,0.241368,-17.721638,-0.3873,-10.322017,-13.959085,-5.03071,1.197266,1.412625,1.976988,0.25651,0.485908,-1.198821,-0.526567,0.634874,1.627209,0.723235,-0.999110715873722,1
-0.43033,0.985633,0.645789,0.317131,0.616332,-1.347462,1.078234,-0.161518,-0.492856,-1.039638,-0.395608,-0.664684,-0.9857,-0.660968,0.344105,0.530852,0.278142,0.35553,-1.081223,-0.115282,-0.016378,-0.207609,-0.164119,0.25528,0.454798,-0.505032,-0.039456,-0.006358,-0.973196976433971,1
-16.526507,8.584972,-18.649853,9.505594,-13.793819,-2.832404,-16.701694,7.517344,-8.507059,-14.110184,5.299236,-10.834006,1.67112,-9.373859,0.360806,-9.899247,-19.236292,-8.398552,3.101735,-1.514923,1.190739,-1.12767,-2.358579,0.673461,-1.4137,-0.462762,-2.018575,-1.042804,-0.676131614050689,1
0.007379,2.365183,-2.600287,1.111602,3.276441,-1.776141,2.114531,-0.830084,0.90049,-3.376177,2.056812,-3.984257,1.021968,-5.967905,-1.151608,1.67974,5.586115,2.789131,-2.241075,-0.006388,-0.563944,-0.9021,-0.404382,-0.012944,0.589836,-0.734449,-0.447529,-0.362375,-0.999110715873722,1
1.140431,1.134243,-1.429455,2.012226,0.6228,-1.152923,0.221159,0.037372,0.034486,-1.879644,2.191665,-0.48785,-1.757137,-4.461051,-0.402884,1.410917,3.619251,2.284927,-0.443999,-0.099712,-0.367136,-0.891627,-0.160578,-0.108326,0.668374,-0.352393,0.071993,0.113684,-0.999110715873722,1
-4.673231,4.195976,-8.392423,7.743215,-1.138803,-2.094899,-3.839487,0.543053,-1.528448,-2.325113,4.35577,-8.663031,-1.153993,-13.481705,1.208454,-4.28796,-5.651765,-1.235889,1.080133,-0.180279,0.554185,0.656076,0.482417,-0.624399,-0.296289,0.374802,-2.678544,0.412368,-0.999110715873722,1
-6.713407,3.921104,-9.746678,5.148263,-5.151563,-2.099389,-5.937767,3.57878,-4.684952,-8.537758,6.348979,-8.681609,0.251179,-11.608002,-0.351569,-5.363566,-11.939092,-3.583603,0.897402,0.135711,0.954272,-0.451086,0.127214,-0.33945,0.394096,1.075295,1.649906,-0.394905,-0.775082258781681,1
-4.991758,5.21334,-9.111326,8.431986,-3.435516,-1.827565,-7.114303,3.431207,-3.875643,-6.868509,7.150625,-10.262984,2.733085,-10.127525,-0.262784,-5.190271,-8.655711,-2.024443,1.560479,0.098132,1.189423,0.247858,0.294448,-0.548504,-0.174617,0.406703,-0.402339,-0.882886,-1,1
-13.192671,12.785971,-9.90665,3.320337,-4.801176,5.760059,-18.750889,-37.353443,-0.39154,-5.052502,4.406806,-4.610756,-1.909488,-9.072711,-0.226074,-6.211557,-6.248145,-3.149247,0.051576,-3.49305,27.202839,-8.887017,5.303607,-0.639435,0.263203,-0.108877,1.269566,0.939407,-0.999110715873722,1
0.364377,1.443523,-2.220907,2.036985,-1.237055,-1.728161,-2.058582,0.358895,-1.393306,-3.50579,2.814314,-3.342176,-0.150269,-4.820322,1.10261,-3.157033,-4.40585,-2.558828,-0.20881,0.31098,0.40273,-0.132129,-0.032977,0.460861,0.560404,0.409366,0.539668,0.296918,-0.999324144064028,1
-17.537592,12.352519,-20.134613,11.122771,-14.57108,-0.381622,-23.928661,-4.724921,-8.603038,-15.231833,4.417055,-12.89352,-0.109628,-3.54723,-2.177824,-10.402068,-18.372019,-8.314092,2.435823,1.925103,-4.352213,2.389041,2.019128,0.627192,-1.085997,-0.071803,-3.838198,-0.802564,-0.991267229879947,1
-3.218952,2.708535,-3.263042,1.361866,-1.645776,-1.852982,-3.069958,-1.796876,-0.213356,-3.551984,3.77975,-6.984771,-1.140977,-9.377878,0.921464,-4.652071,-9.094231,-3.08255,0.132331,0.571654,1.807877,-0.890421,-0.325814,0.12304,-0.093014,0.232106,-0.310519,-0.745295,-0.946109381947532,1
-5.192496,3.164721,-5.047679,2.246597,-4.011781,-0.638908,-2.873463,1.576318,-2.861986,-2.120458,1.863596,-3.620252,-1.480714,-1.583343,-1.230469,-1.202298,-6.167637,-2.651539,0.013588,-1.85047,1.167244,-1.006617,0.774562,0.063397,-0.390658,1.884741,-1.742558,-0.082216,-0.779582036460649,1
1.243848,0.524526,-0.538884,1.209196,0.479538,-0.197429,0.049166,0.037792,0.128119,-0.552903,-0.668359,-0.818804,-0.883832,-0.994581,1.506849,0.624003,0.705794,0.524182,-0.73175,-0.171541,-0.05166,-0.084089,-0.192846,-0.917392,0.681953,-0.194419,0.045917,0.040136,-0.999110715873722,1
-0.41734,4.700055,-7.521767,7.671884,0.260821,-2.646693,-2.854432,0.958783,-4.588536,-6.120715,4.548495,-7.836253,-0.242675,-13.202505,1.092442,-3.040863,-3.008958,-0.159967,0.788086,0.832035,0.6222,-0.437708,-0.090358,-0.742802,-0.312361,0.502575,0.82139,0.372379,-0.999315251222766,1
-2.00346,-7.159042,-4.050976,1.30958,-2.058102,-0.098621,2.880083,-0.727484,1.460381,-1.531608,-1.394328,-0.220719,-1.53099,1.075248,0.388383,-0.660655,0.093321,0.335742,0.057551,3.973217,1.244287,-1.015232,-1.800985,0.657586,-0.435617,-0.894509,-0.397557,0.314262,0.890502445531347,1
-15.192064,10.432528,-19.629515,8.046075,-12.838167,-1.875859,-21.359738,-3.71785,-5.969782,-17.141514,5.9024,-13.580147,-0.451407,-8.334763,-2.025145,-10.196334,-17.270985,-7.079096,1.517695,1.657476,-3.474097,1.765446,1.701257,0.381587,-1.413417,-1.023078,-2.634761,-0.463931,-0.999110715873722,1
-1.141559,1.92765,-3.905356,-0.073943,-0.044858,-1.756999,-1.217416,0.364563,-2.770148,-3.216188,1.286749,-3.272705,1.042216,-5.748943,-0.668137,-3.865976,-2.705052,-0.103907,-0.716811,-0.250583,0.102081,-0.531496,-0.328741,0.3931,0.568435,0.786605,-0.146102,0.076211,-0.977767896843041,1
1.102804,2.829168,-3.93287,4.707691,2.937967,-1.800904,1.672734,-0.30024,-2.783011,-1.884842,3.792565,-1.460471,-1.312776,-7.077361,-0.299466,2.493228,6.244987,2.971749,-2.67995,-0.03088,-0.106994,-0.25005,-0.521627,-0.44895,1.291646,0.516327,0.009146,0.153318,-0.999395286794131,1
-1.396204,2.618584,-6.03677,3.552454,1.030091,-2.950358,-1.528506,0.189319,-1.433554,-5.569142,3.277546,-5.896937,-1.277102,-11.221805,0.326027,-2.497341,-1.588336,0.120289,0.170144,0.031795,0.143177,-0.390176,0.356029,-0.762352,0.09651,-0.487861,0.062655,-0.240732,-0.999110715873722,1
-6.352337,-2.370335,-4.875397,2.335045,-0.809555,-0.413647,-4.082308,2.239089,-1.98636,-5.165331,2.942939,-4.125722,-0.433094,-3.518131,0.420777,-5.10448,-7.925389,-3.415707,0.718332,0.186898,1.325218,1.226745,-1.485217,-1.470732,-0.240053,0.112972,0.910591,-0.650944,-0.826002667852379,1
-4.320609,3.199939,-5.799736,6.50233,0.378479,-1.948246,-2.16786,-0.728207,-1.977238,-3.473411,4.569194,-9.321153,-1.592518,-14.266836,0.467777,-4.066209,-6.626968,-1.437158,-0.21541,-0.263686,0.47666,0.434278,-0.13694,-0.620072,0.642531,0.280717,-2.649107,0.533641,-0.999110715873722,1
1.036639,0.407227,0.757706,3.161821,-0.568122,0.202181,-0.689804,0.41138,0.336769,-0.283731,0.903117,-0.158826,-1.930709,-2.376654,-1.810172,0.935791,1.591506,1.259471,-0.666806,-0.219461,-0.050108,0.123761,-0.132568,0.350231,0.507701,0.189621,0.061016,0.063141,-0.999324144064028,1
0.447396,2.481954,-5.660814,4.455923,-2.44378,-2.18504,-4.716143,1.249803,-0.718326,-5.39033,6.454188,-8.485347,0.635281,-7.019902,0.539814,-4.649864,-6.288358,-1.339312,2.262985,0.549613,0.756053,0.140168,0.665411,0.131464,-1.908217,0.334808,0.748534,0.175414,-0.999110715873722,1
-0.451383,2.225147,-4.95305,4.342228,-3.65619,-0.020121,-5.407554,-0.748436,-1.362198,-4.170623,3.762306,-4.226225,-2.046694,-4.710498,0.217572,-4.739084,-6.131887,-2.425871,2.314165,0.724381,-0.575924,0.495889,1.154128,-0.016186,-2.079928,-0.554377,0.455179,0.001321,-0.898692752334371,1
-5.238808,0.623013,-5.784507,1.678889,-0.364432,-0.477295,-4.276132,-0.695173,-2.971644,-5.529131,1.779505,-4.836159,-1.208992,-2.90119,0.281878,-5.539544,-7.29096,-4.897766,-0.308609,-0.20327,-0.32614,1.509239,-0.215966,-0.245727,0.893041,0.865758,0.854657,-0.964482,-0.964446420631392,1
-5.839192,7.151532,-12.81676,7.031115,-9.651272,-2.938427,-11.543207,4.843627,-3.494276,-13.320789,8.460244,-17.003289,0.101557,-14.094452,0.747031,-12.661696,-18.912494,-6.626975,4.008921,0.055684,2.462056,1.054865,0.530481,0.47267,-0.275998,0.282435,0.104886,0.254417,-0.718932859048466,1
-0.887287,1.390002,1.219686,1.661425,1.009228,-0.733908,0.855829,7.7e-05,-1.275631,-0.433394,0.141179,-0.460348,-0.367868,-1.168339,0.152108,0.882232,0.601805,-0.304092,-2.191764,-0.268347,-0.083734,-0.34693,-0.050619,0.231044,-0.45076,-0.376205,0.034504,0.157775,-0.99325922632281,1
-15.398845,7.472324,-19.026912,11.165526,-6.893856,-2.120937,-14.91333,-0.721214,-7.175097,-14.166795,10.277769,-14.985434,0.345179,-14.666389,-0.346353,-8.333242,-12.602596,-4.876683,0.604626,1.111502,-2.444884,0.727495,-0.345078,-0.981749,0.995271,0.816762,2.262942,-1.178063,-0.999110715873722,1
1.991976,0.158476,-2.583441,0.40867,1.151147,-0.096695,0.22305,-0.068384,0.577829,-0.888722,0.49114,0.728903,0.380428,-1.948883,-0.832498,0.519436,0.903562,1.197315,0.593509,-0.017652,-0.16435,-0.295135,-0.072173,-0.450261,0.313267,-0.289617,0.002988,-0.015309,-0.962178746109382,1
0.286302,1.399345,-1.682503,3.864377,-1.185373,-0.341732,-2.53938,0.768378,-1.547882,-2.659718,2.621588,-3.462362,-1.0543,-4.955823,-1.400274,-2.339943,-5.197794,-1.342814,0.288847,0.27036,0.352456,-0.243678,-0.194079,-0.172201,0.742237,0.12779,0.569731,0.291206,-0.993303690529124,1
-4.517344,2.500224,-4.013928,1.189452,-2.486861,-1.413476,-4.245707,1.265087,1.168828,-4.513907,3.694711,-6.110443,-0.110522,-4.184555,-0.931035,-1.614718,-3.35318,0.236762,0.003896,-1.056162,1.326944,0.102999,0.508167,-0.278018,0.139721,0.06461,-0.972358,0.35136,-0.997981325033348,1
-6.750509,5.367416,-10.054635,9.064478,-7.968118,-2.263798,-10.317566,4.237666,-5.324109,-11.092392,7.154083,-17.150405,-0.095399,-11.03011,-1.959055,-12.448562,-22.667905,-9.264609,1.982356,-0.08122,1.909032,-0.34874,0.425001,0.674909,-0.784208,-0.247422,1.159581,0.197818,-0.813561582925745,1
0.923764,0.344048,-2.880004,1.72168,-3.019565,-0.639736,-3.801325,1.299096,0.864065,-2.895252,3.028162,-2.549177,-1.560432,-2.971317,1.078895,-4.702012,-4.908099,-1.508873,3.001685,0.170872,0.899931,1.481271,0.725266,0.17696,-1.815638,-0.536517,0.489035,-0.049729,-0.973054690973766,1
-5.454362,8.287421,-12.752811,8.594342,-3.106002,-3.179949,-9.252794,4.245062,-6.329801,-13.136698,11.22847,-17.131301,-0.169401,-18.049998,-1.366236,-9.723565,-14.744902,-5.247301,-0.574675,1.305862,1.846165,-0.267172,-0.310804,-1.201685,1.352176,0.608425,1.574715,0.808725,-0.999110715873722,1
-7.901421,2.720472,-7.885936,6.348334,-5.480119,-0.333059,-8.682376,1.164431,-4.542447,-7.74848,5.266586,-8.679679,-1.166366,-8.107975,0.701365,-6.288306,-13.753131,-4.329239,1.50425,-0.614719,0.077739,1.092437,0.320133,-0.434643,-0.380687,0.21363,0.42362,-0.105169,-0.863530457981325,1
-3.003459,2.09615,-0.48703,3.069453,-1.774329,0.251804,-4.328776,-2.425478,-0.985222,-3.995211,1.880602,-2.325179,0.636459,-5.417499,-0.262909,-3.818086,-3.700707,-1.991412,0.779951,0.692537,0.163967,1.245648,-0.269241,0.537102,-0.220757,-0.059555,0.46071,-0.033551,-0.998221431747443,1
